id,tipo,numero,data,controparte_id,controparte,imponibile,iva,totale,scadenza
FATT-A-2025-0001,attiva,2025/001,2025-01-31,CLI-001,Barilli Logistica S.p.A.,28000.00,6160.00,34160.00,2025-02-28
FATT-A-2025-0002,attiva,2025/002,2025-01-31,CLI-002,FinTech Solutions Italia S.r.l.,14200.00,3124.00,17324.00,2025-02-28
FATT-A-2025-0003,attiva,2025/003,2025-01-31,CLI-003,RetailNext S.p.A.,13200.00,2904.00,16104.00,2025-02-28
FATT-A-2025-0004,attiva,2025/004,2025-01-31,CLI-004,MediHealth Care S.r.l.,11200.00,2464.00,13664.00,2025-02-28
FATT-A-2025-0005,attiva,2025/005,2025-01-31,CLI-005,Manifattura Lombarda S.r.l.,9200.00,2024.00,11224.00,2025-02-28
FATT-A-2025-0006,attiva,2025/006,2025-01-31,CLI-006,AgroTech Bio S.r.l.,7500.00,1650.00,9150.00,2025-02-28
FATT-A-2025-0007,attiva,2025/007,2025-01-31,CLI-007,EdilSmart Costruzioni S.p.A.,6200.00,1364.00,7564.00,2025-02-28
FATT-A-2025-0008,attiva,2025/008,2025-02-28,CLI-001,Barilli Logistica S.p.A.,28000.00,6160.00,34160.00,2025-03-31
FATT-A-2025-0009,attiva,2025/009,2025-02-28,CLI-002,FinTech Solutions Italia S.r.l.,14300.00,3146.00,17446.00,2025-03-31
FATT-A-2025-0010,attiva,2025/010,2025-02-28,CLI-003,RetailNext S.p.A.,13300.00,2926.00,16226.00,2025-03-31
FATT-A-2025-0011,attiva,2025/011,2025-02-28,CLI-004,MediHealth Care S.r.l.,11400.00,2508.00,13908.00,2025-03-31
FATT-A-2025-0012,attiva,2025/012,2025-02-28,CLI-005,Manifattura Lombarda S.r.l.,9300.00,2046.00,11346.00,2025-03-31
FATT-A-2025-0013,attiva,2025/013,2025-02-28,CLI-006,AgroTech Bio S.r.l.,7500.00,1650.00,9150.00,2025-03-31
FATT-A-2025-0014,attiva,2025/014,2025-02-28,CLI-007,EdilSmart Costruzioni S.p.A.,6200.00,1364.00,7564.00,2025-03-31
FATT-A-2025-0015,attiva,2025/015,2025-03-31,CLI-001,Barilli Logistica S.p.A.,28500.00,6270.00,34770.00,2025-04-30
FATT-A-2025-0016,attiva,2025/016,2025-03-31,CLI-002,FinTech Solutions Italia S.r.l.,15000.00,3300.00,18300.00,2025-04-30
FATT-A-2025-0017,attiva,2025/017,2025-03-31,CLI-003,RetailNext S.p.A.,14200.00,3124.00,17324.00,2025-04-30
FATT-A-2025-0018,attiva,2025/018,2025-03-31,CLI-004,MediHealth Care S.r.l.,12000.00,2640.00,14640.00,2025-04-30
FATT-A-2025-0019,attiva,2025/019,2025-03-31,CLI-005,Manifattura Lombarda S.r.l.,10000.00,2200.00,12200.00,2025-04-30
FATT-A-2025-0020,attiva,2025/020,2025-03-31,CLI-006,AgroTech Bio S.r.l.,8500.00,1870.00,10370.00,2025-04-30
FATT-A-2025-0021,attiva,2025/021,2025-03-31,CLI-007,EdilSmart Costruzioni S.p.A.,6800.00,1496.00,8296.00,2025-04-30
FATT-A-2025-0022,attiva,2025/022,2025-04-30,CLI-001,Barilli Logistica S.p.A.,28500.00,6270.00,34770.00,2025-05-31
FATT-A-2025-0023,attiva,2025/023,2025-04-30,CLI-002,FinTech Solutions Italia S.r.l.,15200.00,3344.00,18544.00,2025-05-31
FATT-A-2025-0024,attiva,2025/024,2025-04-30,CLI-003,RetailNext S.p.A.,14500.00,3190.00,17690.00,2025-05-31
FATT-A-2025-0025,attiva,2025/025,2025-04-30,CLI-004,MediHealth Care S.r.l.,12200.00,2684.00,14884.00,2025-05-31
FATT-A-2025-0026,attiva,2025/026,2025-04-30,CLI-005,Manifattura Lombarda S.r.l.,10200.00,2244.00,12444.00,2025-05-31
FATT-A-2025-0027,attiva,2025/027,2025-04-30,CLI-006,AgroTech Bio S.r.l.,8500.00,1870.00,10370.00,2025-05-31
FATT-A-2025-0028,attiva,2025/028,2025-04-30,CLI-007,EdilSmart Costruzioni S.p.A.,7000.00,1540.00,8540.00,2025-05-31
FATT-A-2025-0029,attiva,2025/029,2025-05-31,CLI-001,Barilli Logistica S.p.A.,28000.00,6160.00,34160.00,2025-06-30
FATT-A-2025-0030,attiva,2025/030,2025-05-31,CLI-002,FinTech Solutions Italia S.r.l.,15000.00,3300.00,18300.00,2025-06-30
FATT-A-2025-0031,attiva,2025/031,2025-05-31,CLI-003,RetailNext S.p.A.,14300.00,3146.00,17446.00,2025-06-30
FATT-A-2025-0032,attiva,2025/032,2025-05-31,CLI-004,MediHealth Care S.r.l.,12000.00,2640.00,14640.00,2025-06-30
FATT-A-2025-0033,attiva,2025/033,2025-05-31,CLI-005,Manifattura Lombarda S.r.l.,10200.00,2244.00,12444.00,2025-06-30
FATT-A-2025-0034,attiva,2025/034,2025-05-31,CLI-006,AgroTech Bio S.r.l.,8500.00,1870.00,10370.00,2025-06-30
FATT-A-2025-0035,attiva,2025/035,2025-05-31,CLI-007,EdilSmart Costruzioni S.p.A.,7000.00,1540.00,8540.00,2025-06-30
FATT-A-2025-0036,attiva,2025/036,2025-06-30,CLI-001,Barilli Logistica S.p.A.,28500.00,6270.00,34770.00,2025-07-31
FATT-A-2025-0037,attiva,2025/037,2025-06-30,CLI-002,FinTech Solutions Italia S.r.l.,15300.00,3366.00,18666.00,2025-07-31
FATT-A-2025-0038,attiva,2025/038,2025-06-30,CLI-003,RetailNext S.p.A.,14800.00,3256.00,18056.00,2025-07-31
FATT-A-2025-0039,attiva,2025/039,2025-06-30,CLI-004,MediHealth Care S.r.l.,12400.00,2728.00,15128.00,2025-07-31
FATT-A-2025-0040,attiva,2025/040,2025-06-30,CLI-005,Manifattura Lombarda S.r.l.,10200.00,2244.00,12444.00,2025-07-31
FATT-A-2025-0041,attiva,2025/041,2025-06-30,CLI-006,AgroTech Bio S.r.l.,8800.00,1936.00,10736.00,2025-07-31
FATT-A-2025-0042,attiva,2025/042,2025-06-30,CLI-007,EdilSmart Costruzioni S.p.A.,7000.00,1540.00,8540.00,2025-07-31
FATT-A-2025-0043,attiva,2025/043,2025-07-31,CLI-001,Barilli Logistica S.p.A.,28500.00,6270.00,34770.00,2025-08-31
FATT-A-2025-0044,attiva,2025/044,2025-07-31,CLI-002,FinTech Solutions Italia S.r.l.,15500.00,3410.00,18910.00,2025-08-31
FATT-A-2025-0045,attiva,2025/045,2025-07-31,CLI-003,RetailNext S.p.A.,15000.00,3300.00,18300.00,2025-08-31
FATT-A-2025-0046,attiva,2025/046,2025-07-31,CLI-004,MediHealth Care S.r.l.,12500.00,2750.00,15250.00,2025-08-31
FATT-A-2025-0047,attiva,2025/047,2025-07-31,CLI-005,Manifattura Lombarda S.r.l.,10500.00,2310.00,12810.00,2025-08-31
FATT-A-2025-0048,attiva,2025/048,2025-07-31,CLI-006,AgroTech Bio S.r.l.,8800.00,1936.00,10736.00,2025-08-31
FATT-A-2025-0049,attiva,2025/049,2025-07-31,CLI-007,EdilSmart Costruzioni S.p.A.,7000.00,1540.00,8540.00,2025-08-31
FATT-A-2025-0050,attiva,2025/050,2025-08-31,CLI-001,Barilli Logistica S.p.A.,22000.00,4840.00,26840.00,2025-09-30
FATT-A-2025-0051,attiva,2025/051,2025-08-31,CLI-002,FinTech Solutions Italia S.r.l.,13000.00,2860.00,15860.00,2025-09-30
FATT-A-2025-0052,attiva,2025/052,2025-08-31,CLI-003,RetailNext S.p.A.,12500.00,2750.00,15250.00,2025-09-30
FATT-A-2025-0053,attiva,2025/053,2025-08-31,CLI-004,MediHealth Care S.r.l.,10500.00,2310.00,12810.00,2025-09-30
FATT-A-2025-0054,attiva,2025/054,2025-08-31,CLI-005,Manifattura Lombarda S.r.l.,9000.00,1980.00,10980.00,2025-09-30
FATT-A-2025-0055,attiva,2025/055,2025-08-31,CLI-006,AgroTech Bio S.r.l.,7200.00,1584.00,8784.00,2025-09-30
FATT-A-2025-0056,attiva,2025/056,2025-08-31,CLI-007,EdilSmart Costruzioni S.p.A.,5800.00,1276.00,7076.00,2025-09-30
FATT-A-2025-0057,attiva,2025/057,2025-09-30,CLI-001,Barilli Logistica S.p.A.,28000.00,6160.00,34160.00,2025-10-31
FATT-A-2025-0058,attiva,2025/058,2025-09-30,CLI-002,FinTech Solutions Italia S.r.l.,14500.00,3190.00,17690.00,2025-10-31
FATT-A-2025-0059,attiva,2025/059,2025-09-30,CLI-003,RetailNext S.p.A.,13800.00,3036.00,16836.00,2025-10-31
FATT-A-2025-0060,attiva,2025/060,2025-09-30,CLI-004,MediHealth Care S.r.l.,11800.00,2596.00,14396.00,2025-10-31
FATT-A-2025-0061,attiva,2025/061,2025-09-30,CLI-005,Manifattura Lombarda S.r.l.,9800.00,2156.00,11956.00,2025-10-31
FATT-A-2025-0062,attiva,2025/062,2025-09-30,CLI-006,AgroTech Bio S.r.l.,8000.00,1760.00,9760.00,2025-10-31
FATT-A-2025-0063,attiva,2025/063,2025-09-30,CLI-007,EdilSmart Costruzioni S.p.A.,6600.00,1452.00,8052.00,2025-10-31
FATT-A-2025-0064,attiva,2025/064,2025-10-31,CLI-001,Barilli Logistica S.p.A.,12000.00,2640.00,14640.00,2025-11-30
FATT-A-2025-0065,attiva,2025/065,2025-10-31,CLI-002,FinTech Solutions Italia S.r.l.,14500.00,3190.00,17690.00,2025-11-30
FATT-A-2025-0066,attiva,2025/066,2025-10-31,CLI-003,RetailNext S.p.A.,13500.00,2970.00,16470.00,2025-11-30
FATT-A-2025-0067,attiva,2025/067,2025-10-31,CLI-004,MediHealth Care S.r.l.,11500.00,2530.00,14030.00,2025-11-30
FATT-A-2025-0068,attiva,2025/068,2025-10-31,CLI-005,Manifattura Lombarda S.r.l.,9500.00,2090.00,11590.00,2025-11-30
FATT-A-2025-0069,attiva,2025/069,2025-10-31,CLI-006,AgroTech Bio S.r.l.,7800.00,1716.00,9516.00,2025-11-30
FATT-A-2025-0070,attiva,2025/070,2025-10-31,CLI-007,EdilSmart Costruzioni S.p.A.,6500.00,1430.00,7930.00,2025-11-30
FATT-A-2025-0071,attiva,2025/071,2025-11-30,CLI-001,Barilli Logistica S.p.A.,12000.00,2640.00,14640.00,2025-12-31
FATT-A-2025-0072,attiva,2025/072,2025-11-30,CLI-002,FinTech Solutions Italia S.r.l.,14000.00,3080.00,17080.00,2025-12-31
FATT-A-2025-0073,attiva,2025/073,2025-11-30,CLI-003,RetailNext S.p.A.,13200.00,2904.00,16104.00,2025-12-31
FATT-A-2025-0074,attiva,2025/074,2025-11-30,CLI-004,MediHealth Care S.r.l.,11200.00,2464.00,13664.00,2025-12-31
FATT-A-2025-0075,attiva,2025/075,2025-11-30,CLI-005,Manifattura Lombarda S.r.l.,9500.00,2090.00,11590.00,2025-12-31
FATT-A-2025-0076,attiva,2025/076,2025-11-30,CLI-006,AgroTech Bio S.r.l.,7600.00,1672.00,9272.00,2025-12-31
FATT-A-2025-0077,attiva,2025/077,2025-11-30,CLI-007,EdilSmart Costruzioni S.p.A.,6500.00,1430.00,7930.00,2025-12-31
FATT-A-2025-0078,attiva,2025/078,2025-12-31,CLI-001,Barilli Logistica S.p.A.,12000.00,2640.00,14640.00,2026-01-31
FATT-A-2025-0079,attiva,2025/079,2025-12-31,CLI-002,FinTech Solutions Italia S.r.l.,14800.00,3256.00,18056.00,2026-01-31
FATT-A-2025-0080,attiva,2025/080,2025-12-31,CLI-003,RetailNext S.p.A.,13800.00,3036.00,16836.00,2026-01-31
FATT-A-2025-0081,attiva,2025/081,2025-12-31,CLI-004,MediHealth Care S.r.l.,12000.00,2640.00,14640.00,2026-01-31
FATT-A-2025-0082,attiva,2025/082,2025-12-31,CLI-005,Manifattura Lombarda S.r.l.,9800.00,2156.00,11956.00,2026-01-31
FATT-A-2025-0083,attiva,2025/083,2025-12-31,CLI-006,AgroTech Bio S.r.l.,8000.00,1760.00,9760.00,2026-01-31
FATT-A-2025-0084,attiva,2025/084,2025-12-31,CLI-007,EdilSmart Costruzioni S.p.A.,6800.00,1496.00,8296.00,2026-01-31
FATT-P-2025-0001,passiva,NMB-2025-001,2025-01-05,FOR-001,Nimbus Software S.r.l.,4000.00,880.00,4880.00,2025-01-25
FATT-P-2025-0002,passiva,NMB-2025-002,2025-02-05,FOR-001,Nimbus Software S.r.l.,4000.00,880.00,4880.00,2025-02-25
FATT-P-2025-0003,passiva,NMB-2025-003,2025-03-05,FOR-001,Nimbus Software S.r.l.,4000.00,880.00,4880.00,2025-03-25
FATT-P-2025-0004,passiva,NMB-2025-004,2025-04-05,FOR-001,Nimbus Software S.r.l.,4000.00,880.00,4880.00,2025-04-25
FATT-P-2025-0005,passiva,NMB-2025-005,2025-05-05,FOR-001,Nimbus Software S.r.l.,4000.00,880.00,4880.00,2025-05-25
FATT-P-2025-0006,passiva,NMB-2025-006,2025-06-05,FOR-001,Nimbus Software S.r.l.,4000.00,880.00,4880.00,2025-06-25
FATT-P-2025-0007,passiva,NMB-2025-007,2025-07-05,FOR-001,Nimbus Software S.r.l.,4000.00,880.00,4880.00,2025-07-25
FATT-P-2025-0008,passiva,NMB-2025-008,2025-08-05,FOR-001,Nimbus Software S.r.l.,5360.00,1179.20,6539.20,2025-08-25
FATT-P-2025-0009,passiva,NMB-2025-009,2025-09-05,FOR-001,Nimbus Software S.r.l.,5360.00,1179.20,6539.20,2025-09-25
FATT-P-2025-0010,passiva,NMB-2025-010,2025-10-05,FOR-001,Nimbus Software S.r.l.,5360.00,1179.20,6539.20,2025-10-25
FATT-P-2025-0011,passiva,NMB-2025-011,2025-11-05,FOR-001,Nimbus Software S.r.l.,5360.00,1179.20,6539.20,2025-11-25
FATT-P-2025-0012,passiva,NMB-2025-012,2025-12-05,FOR-001,Nimbus Software S.r.l.,5360.00,1179.20,6539.20,2025-12-25
FATT-P-2025-0013,passiva,ALT-2025-001,2025-01-02,FOR-002,Altocumulo Cloud Services S.r.l.,2120.00,466.40,2586.40,2025-01-20
FATT-P-2025-0014,passiva,ALT-2025-002,2025-02-02,FOR-002,Altocumulo Cloud Services S.r.l.,2080.00,457.60,2537.60,2025-02-20
FATT-P-2025-0015,passiva,ALT-2025-003,2025-03-02,FOR-002,Altocumulo Cloud Services S.r.l.,2190.00,481.80,2671.80,2025-03-20
FATT-P-2025-0016,passiva,ALT-2025-004,2025-04-02,FOR-002,Altocumulo Cloud Services S.r.l.,2140.00,470.80,2610.80,2025-04-20
FATT-P-2025-0017,passiva,ALT-2025-005,2025-05-02,FOR-002,Altocumulo Cloud Services S.r.l.,2210.00,486.20,2696.20,2025-05-20
FATT-P-2025-0018,passiva,ALT-2025-006,2025-06-02,FOR-002,Altocumulo Cloud Services S.r.l.,2250.00,495.00,2745.00,2025-06-20
FATT-P-2025-0019,passiva,ALT-2025-007,2025-07-02,FOR-002,Altocumulo Cloud Services S.r.l.,2180.00,479.60,2659.60,2025-07-20
FATT-P-2025-0020,passiva,ALT-2025-008,2025-08-02,FOR-002,Altocumulo Cloud Services S.r.l.,2050.00,451.00,2501.00,2025-08-20
FATT-P-2025-0021,passiva,ALT-2025-009,2025-09-02,FOR-002,Altocumulo Cloud Services S.r.l.,2160.00,475.20,2635.20,2025-09-20
FATT-P-2025-0022,passiva,ALT-2025-010,2025-10-02,FOR-002,Altocumulo Cloud Services S.r.l.,2200.00,484.00,2684.00,2025-10-20
FATT-P-2025-0023,passiva,ALT-2025-011,2025-11-02,FOR-002,Altocumulo Cloud Services S.r.l.,2240.00,492.80,2732.80,2025-11-20
FATT-P-2025-0024,passiva,ALT-2025-012,2025-12-02,FOR-002,Altocumulo Cloud Services S.r.l.,2150.00,473.00,2623.00,2025-12-20
FATT-P-2025-0025,passiva,LOC-2025-001,2025-01-01,FOR-003,Locazioni Navigli S.r.l.,3800.00,836.00,4636.00,2025-01-10
FATT-P-2025-0026,passiva,LOC-2025-002,2025-02-01,FOR-003,Locazioni Navigli S.r.l.,3800.00,836.00,4636.00,2025-02-10
FATT-P-2025-0027,passiva,LOC-2025-003,2025-03-01,FOR-003,Locazioni Navigli S.r.l.,3800.00,836.00,4636.00,2025-03-10
FATT-P-2025-0028,passiva,LOC-2025-004,2025-04-01,FOR-003,Locazioni Navigli S.r.l.,3800.00,836.00,4636.00,2025-04-10
FATT-P-2025-0029,passiva,LOC-2025-005,2025-05-01,FOR-003,Locazioni Navigli S.r.l.,3800.00,836.00,4636.00,2025-05-10
FATT-P-2025-0030,passiva,LOC-2025-006,2025-06-01,FOR-003,Locazioni Navigli S.r.l.,3800.00,836.00,4636.00,2025-06-10
FATT-P-2025-0031,passiva,LOC-2025-007,2025-07-01,FOR-003,Locazioni Navigli S.r.l.,3800.00,836.00,4636.00,2025-07-10
FATT-P-2025-0032,passiva,LOC-2025-008,2025-08-01,FOR-003,Locazioni Navigli S.r.l.,3800.00,836.00,4636.00,2025-08-10
FATT-P-2025-0033,passiva,LOC-2025-009,2025-09-01,FOR-003,Locazioni Navigli S.r.l.,3800.00,836.00,4636.00,2025-09-10
FATT-P-2025-0034,passiva,LOC-2025-010,2025-10-01,FOR-003,Locazioni Navigli S.r.l.,3950.00,869.00,4819.00,2025-10-10
FATT-P-2025-0035,passiva,LOC-2025-011,2025-11-01,FOR-003,Locazioni Navigli S.r.l.,3950.00,869.00,4819.00,2025-11-10
FATT-P-2025-0036,passiva,LOC-2025-012,2025-12-01,FOR-003,Locazioni Navigli S.r.l.,3950.00,869.00,4819.00,2025-12-10
FATT-P-2025-0037,passiva,FERR-2025-042,2025-03-25,FOR-004,Studio Legale Ferraris & Associati,12000.00,2640.00,14640.00,2025-04-20
FATT-P-2025-0038,passiva,BRAMB-2025-001,2025-01-15,FOR-005,Studio Dott. Commercialisti Brambilla & Co.,900.00,198.00,1098.00,2025-01-30
FATT-P-2025-0039,passiva,BRAMB-2025-002,2025-02-15,FOR-005,Studio Dott. Commercialisti Brambilla & Co.,900.00,198.00,1098.00,2025-02-28
FATT-P-2025-0040,passiva,BRAMB-2025-003,2025-03-15,FOR-005,Studio Dott. Commercialisti Brambilla & Co.,900.00,198.00,1098.00,2025-03-30
FATT-P-2025-0041,passiva,BRAMB-2025-004,2025-04-15,FOR-005,Studio Dott. Commercialisti Brambilla & Co.,900.00,198.00,1098.00,2025-04-30
FATT-P-2025-0042,passiva,BRAMB-2025-005,2025-05-15,FOR-005,Studio Dott. Commercialisti Brambilla & Co.,900.00,198.00,1098.00,2025-05-30
FATT-P-2025-0043,passiva,BRAMB-2025-006,2025-06-15,FOR-005,Studio Dott. Commercialisti Brambilla & Co.,900.00,198.00,1098.00,2025-06-30
FATT-P-2025-0044,passiva,BRAMB-2025-007,2025-07-15,FOR-005,Studio Dott. Commercialisti Brambilla & Co.,900.00,198.00,1098.00,2025-07-30
FATT-P-2025-0045,passiva,BRAMB-2025-008,2025-08-15,FOR-005,Studio Dott. Commercialisti Brambilla & Co.,900.00,198.00,1098.00,2025-08-30
FATT-P-2025-0046,passiva,BRAMB-2025-009,2025-09-15,FOR-005,Studio Dott. Commercialisti Brambilla & Co.,900.00,198.00,1098.00,2025-09-30
FATT-P-2025-0047,passiva,BRAMB-2025-010,2025-10-15,FOR-005,Studio Dott. Commercialisti Brambilla & Co.,900.00,198.00,1098.00,2025-10-30
FATT-P-2025-0048,passiva,BRAMB-2025-011,2025-11-15,FOR-005,Studio Dott. Commercialisti Brambilla & Co.,900.00,198.00,1098.00,2025-11-30
FATT-P-2025-0049,passiva,BRAMB-2025-012,2025-12-15,FOR-005,Studio Dott. Commercialisti Brambilla & Co.,900.00,198.00,1098.00,2025-12-30
FATT-P-2025-0050,passiva,FAST-2025-001,2025-01-08,FOR-006,FastConnect Telecom S.p.A.,350.00,77.00,427.00,2025-01-28
FATT-P-2025-0051,passiva,FAST-2025-002,2025-02-08,FOR-006,FastConnect Telecom S.p.A.,350.00,77.00,427.00,2025-02-28
FATT-P-2025-0052,passiva,FAST-2025-003,2025-03-08,FOR-006,FastConnect Telecom S.p.A.,350.00,77.00,427.00,2025-03-28
FATT-P-2025-0053,passiva,FAST-2025-004,2025-04-08,FOR-006,FastConnect Telecom S.p.A.,350.00,77.00,427.00,2025-04-28
FATT-P-2025-0054,passiva,FAST-2025-005,2025-05-08,FOR-006,FastConnect Telecom S.p.A.,350.00,77.00,427.00,2025-05-28
FATT-P-2025-0055,passiva,FAST-2025-006,2025-06-08,FOR-006,FastConnect Telecom S.p.A.,350.00,77.00,427.00,2025-06-28
FATT-P-2025-0056,passiva,FAST-2025-007,2025-07-08,FOR-006,FastConnect Telecom S.p.A.,350.00,77.00,427.00,2025-07-28
FATT-P-2025-0057,passiva,FAST-2025-008,2025-08-08,FOR-006,FastConnect Telecom S.p.A.,350.00,77.00,427.00,2025-08-28
FATT-P-2025-0058,passiva,FAST-2025-009,2025-09-08,FOR-006,FastConnect Telecom S.p.A.,350.00,77.00,427.00,2025-09-28
FATT-P-2025-0059,passiva,FAST-2025-010,2025-10-08,FOR-006,FastConnect Telecom S.p.A.,350.00,77.00,427.00,2025-10-28
FATT-P-2025-0060,passiva,FAST-2025-011,2025-11-08,FOR-006,FastConnect Telecom S.p.A.,350.00,77.00,427.00,2025-11-28
FATT-P-2025-0061,passiva,FAST-2025-012,2025-12-08,FOR-006,FastConnect Telecom S.p.A.,350.00,77.00,427.00,2025-12-28
FATT-P-2025-0062,passiva,ECOL-2025-001,2025-01-12,FOR-007,EcoLombarda Energia S.p.A.,620.00,136.40,756.40,2025-01-28
FATT-P-2025-0063,passiva,ECOL-2025-002,2025-02-12,FOR-007,EcoLombarda Energia S.p.A.,640.00,140.80,780.80,2025-02-28
FATT-P-2025-0064,passiva,ECOL-2025-003,2025-03-12,FOR-007,EcoLombarda Energia S.p.A.,590.00,129.80,719.80,2025-03-28
FATT-P-2025-0065,passiva,ECOL-2025-004,2025-04-12,FOR-007,EcoLombarda Energia S.p.A.,530.00,116.60,646.60,2025-04-28
FATT-P-2025-0066,passiva,ECOL-2025-005,2025-05-12,FOR-007,EcoLombarda Energia S.p.A.,510.00,112.20,622.20,2025-05-28
FATT-P-2025-0067,passiva,ECOL-2025-006,2025-06-12,FOR-007,EcoLombarda Energia S.p.A.,570.00,125.40,695.40,2025-06-28
FATT-P-2025-0068,passiva,ECOL-2025-007,2025-07-12,FOR-007,EcoLombarda Energia S.p.A.,680.00,149.60,829.60,2025-07-28
FATT-P-2025-0069,passiva,ECOL-2025-008,2025-08-12,FOR-007,EcoLombarda Energia S.p.A.,610.00,134.20,744.20,2025-08-28
FATT-P-2025-0070,passiva,ECOL-2025-009,2025-09-12,FOR-007,EcoLombarda Energia S.p.A.,540.00,118.80,658.80,2025-09-28
FATT-P-2025-0071,passiva,ECOL-2025-010,2025-10-12,FOR-007,EcoLombarda Energia S.p.A.,520.00,114.40,634.40,2025-10-28
FATT-P-2025-0072,passiva,ECOL-2025-011,2025-11-12,FOR-007,EcoLombarda Energia S.p.A.,580.00,127.60,707.60,2025-11-28
FATT-P-2025-0073,passiva,ECOL-2025-012,2025-12-12,FOR-007,EcoLombarda Energia S.p.A.,630.00,138.60,768.60,2025-12-28
FATT-P-2025-0074,passiva,SIC-2025-001,2025-01-01,FOR-008,SicurAssicura S.p.A.,400.00,88.00,488.00,2025-01-15
FATT-P-2025-0075,passiva,SIC-2025-002,2025-02-01,FOR-008,SicurAssicura S.p.A.,400.00,88.00,488.00,2025-02-15
FATT-P-2025-0076,passiva,SIC-2025-003,2025-03-01,FOR-008,SicurAssicura S.p.A.,400.00,88.00,488.00,2025-03-15
FATT-P-2025-0077,passiva,SIC-2025-004,2025-04-01,FOR-008,SicurAssicura S.p.A.,400.00,88.00,488.00,2025-04-15
FATT-P-2025-0078,passiva,SIC-2025-005,2025-05-01,FOR-008,SicurAssicura S.p.A.,400.00,88.00,488.00,2025-05-15
FATT-P-2025-0079,passiva,SIC-2025-006,2025-06-01,FOR-008,SicurAssicura S.p.A.,400.00,88.00,488.00,2025-06-15
FATT-P-2025-0080,passiva,SIC-2025-007,2025-07-01,FOR-008,SicurAssicura S.p.A.,400.00,88.00,488.00,2025-07-15
FATT-P-2025-0081,passiva,SIC-2025-008,2025-08-01,FOR-008,SicurAssicura S.p.A.,400.00,88.00,488.00,2025-08-15
FATT-P-2025-0082,passiva,SIC-2025-009,2025-09-01,FOR-008,SicurAssicura S.p.A.,400.00,88.00,488.00,2025-09-15
FATT-P-2025-0083,passiva,SIC-2025-010,2025-10-01,FOR-008,SicurAssicura S.p.A.,400.00,88.00,488.00,2025-10-15
FATT-P-2025-0084,passiva,SIC-2025-011,2025-11-01,FOR-008,SicurAssicura S.p.A.,400.00,88.00,488.00,2025-11-15
FATT-P-2025-0085,passiva,SIC-2025-012,2025-12-01,FOR-008,SicurAssicura S.p.A.,400.00,88.00,488.00,2025-12-15
FATT-P-2025-0086,passiva,FLT-2025-001,2025-01-05,FOR-009,FleetLeasing Italia S.p.A.,750.00,165.00,915.00,2025-01-20
FATT-P-2025-0087,passiva,FLT-2025-002,2025-02-05,FOR-009,FleetLeasing Italia S.p.A.,750.00,165.00,915.00,2025-02-20
FATT-P-2025-0088,passiva,FLT-2025-003,2025-03-05,FOR-009,FleetLeasing Italia S.p.A.,750.00,165.00,915.00,2025-03-20
FATT-P-2025-0089,passiva,FLT-2025-004,2025-04-05,FOR-009,FleetLeasing Italia S.p.A.,750.00,165.00,915.00,2025-04-20
FATT-P-2025-0090,passiva,FLT-2025-005,2025-05-05,FOR-009,FleetLeasing Italia S.p.A.,750.00,165.00,915.00,2025-05-20
FATT-P-2025-0091,passiva,FLT-2025-006,2025-06-05,FOR-009,FleetLeasing Italia S.p.A.,750.00,165.00,915.00,2025-06-20
FATT-P-2025-0092,passiva,FLT-2025-007,2025-07-05,FOR-009,FleetLeasing Italia S.p.A.,750.00,165.00,915.00,2025-07-20
FATT-P-2025-0093,passiva,FLT-2025-008,2025-08-05,FOR-009,FleetLeasing Italia S.p.A.,750.00,165.00,915.00,2025-08-20
FATT-P-2025-0094,passiva,FLT-2025-009,2025-09-05,FOR-009,FleetLeasing Italia S.p.A.,750.00,165.00,915.00,2025-09-20
FATT-P-2025-0095,passiva,FLT-2025-010,2025-10-05,FOR-009,FleetLeasing Italia S.p.A.,750.00,165.00,915.00,2025-10-20
FATT-P-2025-0096,passiva,FLT-2025-011,2025-11-05,FOR-009,FleetLeasing Italia S.p.A.,750.00,165.00,915.00,2025-11-20
FATT-P-2025-0097,passiva,FLT-2025-012,2025-12-05,FOR-009,FleetLeasing Italia S.p.A.,750.00,165.00,915.00,2025-12-20
FATT-P-2025-0098,passiva,PUNT-2025-001,2025-01-28,FOR-011,Punto Pulito S.r.l.,500.00,110.00,610.00,2025-02-15
FATT-P-2025-0099,passiva,PUNT-2025-002,2025-02-28,FOR-011,Punto Pulito S.r.l.,500.00,110.00,610.00,2025-03-15
FATT-P-2025-0100,passiva,PUNT-2025-003,2025-03-28,FOR-011,Punto Pulito S.r.l.,500.00,110.00,610.00,2025-04-15
FATT-P-2025-0101,passiva,PUNT-2025-004,2025-04-28,FOR-011,Punto Pulito S.r.l.,500.00,110.00,610.00,2025-05-15
FATT-P-2025-0102,passiva,PUNT-2025-005,2025-05-28,FOR-011,Punto Pulito S.r.l.,500.00,110.00,610.00,2025-06-15
FATT-P-2025-0103,passiva,PUNT-2025-006,2025-06-28,FOR-011,Punto Pulito S.r.l.,500.00,110.00,610.00,2025-07-15
FATT-P-2025-0104,passiva,PUNT-2025-007,2025-07-28,FOR-011,Punto Pulito S.r.l.,500.00,110.00,610.00,2025-08-15
FATT-P-2025-0105,passiva,PUNT-2025-008,2025-08-28,FOR-011,Punto Pulito S.r.l.,500.00,110.00,610.00,2025-09-15
FATT-P-2025-0106,passiva,PUNT-2025-009,2025-09-28,FOR-011,Punto Pulito S.r.l.,500.00,110.00,610.00,2025-10-15
FATT-P-2025-0107,passiva,PUNT-2025-010,2025-10-28,FOR-011,Punto Pulito S.r.l.,500.00,110.00,610.00,2025-11-15
FATT-P-2025-0108,passiva,PUNT-2025-011,2025-11-28,FOR-011,Punto Pulito S.r.l.,500.00,110.00,610.00,2025-12-15
FATT-P-2025-0109,passiva,PUNT-2025-012,2025-12-28,FOR-011,Punto Pulito S.r.l.,500.00,110.00,610.00,2026-01-15
FATT-P-2025-0110,passiva,MDB-2025-001,2025-01-18,FOR-012,MediaBrand Studio S.r.l.,1000.00,220.00,1220.00,2025-01-30
FATT-P-2025-0111,passiva,MDB-2025-002,2025-02-18,FOR-012,MediaBrand Studio S.r.l.,1000.00,220.00,1220.00,2025-02-28
FATT-P-2025-0112,passiva,MDB-2025-003,2025-03-18,FOR-012,MediaBrand Studio S.r.l.,1000.00,220.00,1220.00,2025-03-30
FATT-P-2025-0113,passiva,MDB-2025-004,2025-04-18,FOR-012,MediaBrand Studio S.r.l.,1000.00,220.00,1220.00,2025-04-30
FATT-P-2025-0114,passiva,MDB-2025-005,2025-05-18,FOR-012,MediaBrand Studio S.r.l.,1000.00,220.00,1220.00,2025-05-30
FATT-P-2025-0115,passiva,MDB-2025-006,2025-06-18,FOR-012,MediaBrand Studio S.r.l.,1000.00,220.00,1220.00,2025-06-30
FATT-P-2025-0116,passiva,MDB-2025-007,2025-07-18,FOR-012,MediaBrand Studio S.r.l.,1000.00,220.00,1220.00,2025-07-30
FATT-P-2025-0117,passiva,MDB-2025-008,2025-08-18,FOR-012,MediaBrand Studio S.r.l.,1000.00,220.00,1220.00,2025-08-30
FATT-P-2025-0118,passiva,MDB-2025-009,2025-09-18,FOR-012,MediaBrand Studio S.r.l.,1000.00,220.00,1220.00,2025-09-30
FATT-P-2025-0119,passiva,MDB-2025-010,2025-10-18,FOR-012,MediaBrand Studio S.r.l.,1000.00,220.00,1220.00,2025-10-30
FATT-P-2025-0120,passiva,MDB-2025-011,2025-11-18,FOR-012,MediaBrand Studio S.r.l.,1000.00,220.00,1220.00,2025-11-30
FATT-P-2025-0121,passiva,MDB-2025-012,2025-12-18,FOR-012,MediaBrand Studio S.r.l.,1000.00,220.00,1220.00,2025-12-30
FATT-P-2025-0122,passiva,PAR-RNL-2025-01,2025-01-31,FOR-013,Dott. Marco Rinaldi,3500.00,770.00,4270.00,2025-02-15
FATT-P-2025-0123,passiva,PAR-DLC-2025-01,2025-01-31,FOR-014,Ing. Sara De Luca,3500.00,770.00,4270.00,2025-02-15
FATT-P-2025-0124,passiva,PAR-RIV-2025-01,2025-01-31,FOR-015,Dott. Matteo Riva,3000.00,660.00,3660.00,2025-02-15
FATT-P-2025-0125,passiva,PAR-RNL-2025-02,2025-02-28,FOR-013,Dott. Marco Rinaldi,3500.00,770.00,4270.00,2025-03-15
FATT-P-2025-0126,passiva,PAR-DLC-2025-02,2025-02-28,FOR-014,Ing. Sara De Luca,3500.00,770.00,4270.00,2025-03-15
FATT-P-2025-0127,passiva,PAR-RIV-2025-02,2025-02-28,FOR-015,Dott. Matteo Riva,3000.00,660.00,3660.00,2025-03-15
FATT-P-2025-0128,passiva,PAR-RNL-2025-03,2025-03-31,FOR-013,Dott. Marco Rinaldi,3500.00,770.00,4270.00,2025-04-15
FATT-P-2025-0129,passiva,PAR-DLC-2025-03,2025-03-31,FOR-014,Ing. Sara De Luca,3500.00,770.00,4270.00,2025-04-15
FATT-P-2025-0130,passiva,PAR-RIV-2025-03,2025-03-31,FOR-015,Dott. Matteo Riva,3000.00,660.00,3660.00,2025-04-15
FATT-P-2025-0131,passiva,PAR-RNL-2025-04,2025-04-30,FOR-013,Dott. Marco Rinaldi,3500.00,770.00,4270.00,2025-05-15
FATT-P-2025-0132,passiva,PAR-DLC-2025-04,2025-04-30,FOR-014,Ing. Sara De Luca,3500.00,770.00,4270.00,2025-05-15
FATT-P-2025-0133,passiva,PAR-RIV-2025-04,2025-04-30,FOR-015,Dott. Matteo Riva,3000.00,660.00,3660.00,2025-05-15
FATT-P-2025-0134,passiva,PAR-RNL-2025-05,2025-05-31,FOR-013,Dott. Marco Rinaldi,3500.00,770.00,4270.00,2025-06-15
FATT-P-2025-0135,passiva,PAR-DLC-2025-05,2025-05-31,FOR-014,Ing. Sara De Luca,3500.00,770.00,4270.00,2025-06-15
FATT-P-2025-0136,passiva,PAR-RIV-2025-05,2025-05-31,FOR-015,Dott. Matteo Riva,3000.00,660.00,3660.00,2025-06-15
FATT-P-2025-0137,passiva,PAR-RNL-2025-06,2025-06-30,FOR-013,Dott. Marco Rinaldi,3500.00,770.00,4270.00,2025-07-15
FATT-P-2025-0138,passiva,PAR-DLC-2025-06,2025-06-30,FOR-014,Ing. Sara De Luca,3500.00,770.00,4270.00,2025-07-15
FATT-P-2025-0139,passiva,PAR-RIV-2025-06,2025-06-30,FOR-015,Dott. Matteo Riva,3000.00,660.00,3660.00,2025-07-15
FATT-P-2025-0140,passiva,PAR-RNL-2025-07,2025-07-31,FOR-013,Dott. Marco Rinaldi,3500.00,770.00,4270.00,2025-08-15
FATT-P-2025-0141,passiva,PAR-DLC-2025-07,2025-07-31,FOR-014,Ing. Sara De Luca,3500.00,770.00,4270.00,2025-08-15
FATT-P-2025-0142,passiva,PAR-RIV-2025-07,2025-07-31,FOR-015,Dott. Matteo Riva,3000.00,660.00,3660.00,2025-08-15
FATT-P-2025-0143,passiva,PAR-RNL-2025-08,2025-08-31,FOR-013,Dott. Marco Rinaldi,3500.00,770.00,4270.00,2025-09-15
FATT-P-2025-0144,passiva,PAR-DLC-2025-08,2025-08-31,FOR-014,Ing. Sara De Luca,3500.00,770.00,4270.00,2025-09-15
FATT-P-2025-0145,passiva,PAR-RIV-2025-08,2025-08-31,FOR-015,Dott. Matteo Riva,3000.00,660.00,3660.00,2025-09-15
FATT-P-2025-0146,passiva,PAR-RNL-2025-09,2025-09-30,FOR-013,Dott. Marco Rinaldi,3500.00,770.00,4270.00,2025-10-15
FATT-P-2025-0147,passiva,PAR-DLC-2025-09,2025-09-30,FOR-014,Ing. Sara De Luca,3500.00,770.00,4270.00,2025-10-15
FATT-P-2025-0148,passiva,PAR-RIV-2025-09,2025-09-30,FOR-015,Dott. Matteo Riva,3000.00,660.00,3660.00,2025-10-15
FATT-P-2025-0149,passiva,PAR-RNL-2025-10,2025-10-31,FOR-013,Dott. Marco Rinaldi,3500.00,770.00,4270.00,2025-11-15
FATT-P-2025-0150,passiva,PAR-DLC-2025-10,2025-10-31,FOR-014,Ing. Sara De Luca,3500.00,770.00,4270.00,2025-11-15
FATT-P-2025-0151,passiva,PAR-RIV-2025-10,2025-10-31,FOR-015,Dott. Matteo Riva,3000.00,660.00,3660.00,2025-11-15
FATT-P-2025-0152,passiva,PAR-RNL-2025-11,2025-11-30,FOR-013,Dott. Marco Rinaldi,3500.00,770.00,4270.00,2025-12-15
FATT-P-2025-0153,passiva,PAR-DLC-2025-11,2025-11-30,FOR-014,Ing. Sara De Luca,3500.00,770.00,4270.00,2025-12-15
FATT-P-2025-0154,passiva,PAR-RIV-2025-11,2025-11-30,FOR-015,Dott. Matteo Riva,3000.00,660.00,3660.00,2025-12-15
FATT-P-2025-0155,passiva,PAR-RNL-2025-12,2025-12-31,FOR-013,Dott. Marco Rinaldi,3500.00,770.00,4270.00,2026-01-15
FATT-P-2025-0156,passiva,PAR-DLC-2025-12,2025-12-31,FOR-014,Ing. Sara De Luca,3500.00,770.00,4270.00,2026-01-15
FATT-P-2025-0157,passiva,PAR-RIV-2025-12,2025-12-31,FOR-015,Dott. Matteo Riva,3000.00,660.00,3660.00,2026-01-15
FATT-P-2025-0158,passiva,FT-2025-0122,2025-01-18,FOR-010,TechHardware Solutions S.r.l.,650.00,143.00,793.00,2025-01-28
FATT-P-2025-0159,passiva,FT-2025-0245,2025-02-14,FOR-010,TechHardware Solutions S.r.l.,820.00,180.40,1000.40,2025-02-28
FATT-P-2025-0160,passiva,FT-2025-0498,2025-04-16,FOR-010,TechHardware Solutions S.r.l.,1100.00,242.00,1342.00,2025-04-28
FATT-P-2025-0161,passiva,FT-2025-0610,2025-05-22,FOR-010,TechHardware Solutions S.r.l.,450.00,99.00,549.00,2025-05-28
FATT-P-2025-0162,passiva,FT-2025-0812,2025-07-15,FOR-010,TechHardware Solutions S.r.l.,780.00,171.60,951.60,2025-07-28
FATT-P-2025-0163,passiva,FT-2025-0988,2025-09-19,FOR-010,TechHardware Solutions S.r.l.,950.00,209.00,1159.00,2025-09-28
FATT-P-2025-0164,passiva,FT-2025-1280,2025-12-10,FOR-010,TechHardware Solutions S.r.l.,520.00,114.40,634.40,2025-12-28
FATT-P-2025-0165,passiva,FT-2025-1089,2025-10-14,FOR-010,TechHardware Solutions S.r.l.,1850.00,407.00,2257.00,2025-10-25
FATT-P-2025-0166,passiva,FT-2025-1089,2025-10-18,FOR-010,TechHardware Solutions S.r.l.,1850.00,407.00,2257.00,2025-10-30
FATT-P-2025-0167,passiva,TRN-2025-0101,2025-01-14,FOR-016,Ferrovie Nazionali S.p.A.,550.00,121.00,671.00,2025-01-25
FATT-P-2025-0168,passiva,HTL-2025-0101,2025-01-15,FOR-017,Milano & Roma Business Hotels S.r.l.,850.00,187.00,1037.00,2025-01-26
FATT-P-2025-0169,passiva,RST-2025-0101,2025-01-16,FOR-018,Ristoranti & Catering Milano S.r.l.,450.00,99.00,549.00,2025-01-27
FATT-P-2025-0170,passiva,TRN-2025-0201,2025-02-14,FOR-016,Ferrovie Nazionali S.p.A.,550.00,121.00,671.00,2025-02-25
FATT-P-2025-0171,passiva,HTL-2025-0201,2025-02-15,FOR-017,Milano & Roma Business Hotels S.r.l.,850.00,187.00,1037.00,2025-02-26
FATT-P-2025-0172,passiva,RST-2025-0201,2025-02-16,FOR-018,Ristoranti & Catering Milano S.r.l.,450.00,99.00,549.00,2025-02-27
FATT-P-2025-0173,passiva,TRN-2025-0301,2025-03-14,FOR-016,Ferrovie Nazionali S.p.A.,550.00,121.00,671.00,2025-03-25
FATT-P-2025-0174,passiva,HTL-2025-0301,2025-03-15,FOR-017,Milano & Roma Business Hotels S.r.l.,850.00,187.00,1037.00,2025-03-26
FATT-P-2025-0175,passiva,RST-2025-0301,2025-03-16,FOR-018,Ristoranti & Catering Milano S.r.l.,450.00,99.00,549.00,2025-03-27
FATT-P-2025-0176,passiva,TRN-2025-0401,2025-04-14,FOR-016,Ferrovie Nazionali S.p.A.,550.00,121.00,671.00,2025-04-25
FATT-P-2025-0177,passiva,HTL-2025-0401,2025-04-15,FOR-017,Milano & Roma Business Hotels S.r.l.,850.00,187.00,1037.00,2025-04-26
FATT-P-2025-0178,passiva,RST-2025-0401,2025-04-16,FOR-018,Ristoranti & Catering Milano S.r.l.,450.00,99.00,549.00,2025-04-27
FATT-P-2025-0179,passiva,TRN-2025-0501,2025-05-14,FOR-016,Ferrovie Nazionali S.p.A.,550.00,121.00,671.00,2025-05-25
FATT-P-2025-0180,passiva,HTL-2025-0501,2025-05-15,FOR-017,Milano & Roma Business Hotels S.r.l.,850.00,187.00,1037.00,2025-05-26
FATT-P-2025-0181,passiva,RST-2025-0501,2025-05-16,FOR-018,Ristoranti & Catering Milano S.r.l.,450.00,99.00,549.00,2025-05-27
FATT-P-2025-0182,passiva,TRN-2025-0601,2025-06-14,FOR-016,Ferrovie Nazionali S.p.A.,550.00,121.00,671.00,2025-06-25
FATT-P-2025-0183,passiva,HTL-2025-0601,2025-06-15,FOR-017,Milano & Roma Business Hotels S.r.l.,850.00,187.00,1037.00,2025-06-26
FATT-P-2025-0184,passiva,RST-2025-0601,2025-06-16,FOR-018,Ristoranti & Catering Milano S.r.l.,450.00,99.00,549.00,2025-06-27
FATT-P-2025-0185,passiva,TRN-2025-0701,2025-07-14,FOR-016,Ferrovie Nazionali S.p.A.,550.00,121.00,671.00,2025-07-25
FATT-P-2025-0186,passiva,HTL-2025-0701,2025-07-15,FOR-017,Milano & Roma Business Hotels S.r.l.,850.00,187.00,1037.00,2025-07-26
FATT-P-2025-0187,passiva,RST-2025-0701,2025-07-16,FOR-018,Ristoranti & Catering Milano S.r.l.,450.00,99.00,549.00,2025-07-27
FATT-P-2025-0188,passiva,TRN-2025-0801,2025-08-14,FOR-016,Ferrovie Nazionali S.p.A.,550.00,121.00,671.00,2025-08-25
FATT-P-2025-0189,passiva,HTL-2025-0801,2025-08-15,FOR-017,Milano & Roma Business Hotels S.r.l.,850.00,187.00,1037.00,2025-08-26
FATT-P-2025-0190,passiva,RST-2025-0801,2025-08-16,FOR-018,Ristoranti & Catering Milano S.r.l.,450.00,99.00,549.00,2025-08-27
FATT-P-2025-0191,passiva,TRN-2025-0901,2025-09-14,FOR-016,Ferrovie Nazionali S.p.A.,550.00,121.00,671.00,2025-09-25
FATT-P-2025-0192,passiva,HTL-2025-0901,2025-09-15,FOR-017,Milano & Roma Business Hotels S.r.l.,850.00,187.00,1037.00,2025-09-26
FATT-P-2025-0193,passiva,RST-2025-0901,2025-09-16,FOR-018,Ristoranti & Catering Milano S.r.l.,450.00,99.00,549.00,2025-09-27
FATT-P-2025-0194,passiva,TRN-2025-1001,2025-10-14,FOR-016,Ferrovie Nazionali S.p.A.,550.00,121.00,671.00,2025-10-25
FATT-P-2025-0195,passiva,HTL-2025-1001,2025-10-15,FOR-017,Milano & Roma Business Hotels S.r.l.,850.00,187.00,1037.00,2025-10-26
FATT-P-2025-0196,passiva,RST-2025-1001,2025-10-16,FOR-018,Ristoranti & Catering Milano S.r.l.,450.00,99.00,549.00,2025-10-27
FATT-P-2025-0197,passiva,TRN-2025-1101,2025-11-04,FOR-016,Ferrovie Nazionali S.p.A.,420.00,92.40,512.40,2025-11-21
FATT-P-2025-0198,passiva,TRN-2025-1102,2025-11-11,FOR-016,Ferrovie Nazionali S.p.A.,460.00,101.20,561.20,2025-11-22
FATT-P-2025-0199,passiva,TRN-2025-1103,2025-11-18,FOR-016,Ferrovie Nazionali S.p.A.,430.00,94.60,524.60,2025-11-23
FATT-P-2025-0200,passiva,TRN-2025-1104,2025-11-25,FOR-016,Ferrovie Nazionali S.p.A.,440.00,96.80,536.80,2025-11-24
FATT-P-2025-0201,passiva,HTL-2025-1101,2025-11-05,FOR-017,Milano & Roma Business Hotels S.r.l.,650.00,143.00,793.00,2025-11-21
FATT-P-2025-0202,passiva,HTL-2025-1102,2025-11-12,FOR-017,Milano & Roma Business Hotels S.r.l.,620.00,136.40,756.40,2025-11-22
FATT-P-2025-0203,passiva,HTL-2025-1103,2025-11-19,FOR-017,Milano & Roma Business Hotels S.r.l.,680.00,149.60,829.60,2025-11-23
FATT-P-2025-0204,passiva,HTL-2025-1104,2025-11-24,FOR-017,Milano & Roma Business Hotels S.r.l.,580.00,127.60,707.60,2025-11-24
FATT-P-2025-0205,passiva,HTL-2025-1105,2025-11-26,FOR-017,Milano & Roma Business Hotels S.r.l.,570.00,125.40,695.40,2025-11-25
FATT-P-2025-0206,passiva,RST-2025-1101,2025-11-06,FOR-018,Ristoranti & Catering Milano S.r.l.,540.00,118.80,658.80,2025-11-23
FATT-P-2025-0207,passiva,RST-2025-1102,2025-11-13,FOR-018,Ristoranti & Catering Milano S.r.l.,560.00,123.20,683.20,2025-11-24
FATT-P-2025-0208,passiva,RST-2025-1103,2025-11-20,FOR-018,Ristoranti & Catering Milano S.r.l.,550.00,121.00,671.00,2025-11-25
FATT-P-2025-0209,passiva,TRN-2025-1201,2025-12-14,FOR-016,Ferrovie Nazionali S.p.A.,550.00,121.00,671.00,2025-12-25
FATT-P-2025-0210,passiva,HTL-2025-1201,2025-12-15,FOR-017,Milano & Roma Business Hotels S.r.l.,850.00,187.00,1037.00,2025-12-26
FATT-P-2025-0211,passiva,RST-2025-1201,2025-12-16,FOR-018,Ristoranti & Catering Milano S.r.l.,450.00,99.00,549.00,2025-12-27
