id,data,valuta,importo,causale,saldo,fattura_id
MOV-000001,2025-01-11,2025-01-11,-488.00,BONIFICO A VOSTRO FAVORE: SICURASSICURA S.P.A. - PAGAMENTO DOC. N. SIC-2025-001 DEL 2025-01-01,119512.00,FATT-P-2025-0074
MOV-000002,2025-01-16,2025-01-16,-2586.40,BONIFICO A VOSTRO FAVORE: ALTOCUMULO CLOUD SERVICES S.R.L. - PAGAMENTO DOC. N. ALT-2025-001 DEL 2025-01-02,116925.60,FATT-P-2025-0013
MOV-000003,2025-01-16,2025-01-16,-28350.00,"DELEGA F24 TELEMATICA N. 0918231 - RITENUTE IRPEF, CONTRIBUTI INPS E SALDO IVA PERIODO 12/2024",88575.60,
MOV-000004,2025-01-18,2025-01-18,-4880.00,BONIFICO A VOSTRO FAVORE: NIMBUS SOFTWARE S.R.L. - PAGAMENTO DOC. N. NMB-2025-001 DEL 2025-01-05,83695.60,FATT-P-2025-0001
MOV-000005,2025-01-18,2025-01-18,-4636.00,BONIFICO A VOSTRO FAVORE: LOCAZIONI NAVIGLI S.R.L. - PAGAMENTO DOC. N. LOC-2025-001 DEL 2025-01-01,79059.60,FATT-P-2025-0025
MOV-000006,2025-01-24,2025-01-24,-915.00,BONIFICO A VOSTRO FAVORE: FLEETLEASING ITALIA S.P.A. - PAGAMENTO DOC. N. FLT-2025-001 DEL 2025-01-05,78144.60,FATT-P-2025-0086
MOV-000007,2025-01-25,2025-01-25,-1098.00,BONIFICO A VOSTRO FAVORE: STUDIO DOTT. COMMERCIALISTI BRAMBILLA & CO. - PAGAMENTO DOC. N. BRAMB-2025-001 DEL 2025-01-15,77046.60,FATT-P-2025-0038
MOV-000008,2025-01-25,2025-01-25,-427.00,BONIFICO A VOSTRO FAVORE: FASTCONNECT TELECOM S.P.A. - PAGAMENTO DOC. N. FAST-2025-001 DEL 2025-01-08,76619.60,FATT-P-2025-0050
MOV-000009,2025-01-27,2025-01-27,-27500.00,DISPOSIZIONE BONIFICO SEPA CUMULATIVO: RETRIBUZIONI DIPENDENTI MESE 01/2025,49119.60,
MOV-000010,2025-01-28,2025-01-28,-671.00,BONIFICO A VOSTRO FAVORE: FERROVIE NAZIONALI S.P.A. - PAGAMENTO DOC. N. TRN-2025-0101 DEL 2025-01-14,48448.60,FATT-P-2025-0167
MOV-000011,2025-01-31,2025-01-31,-1037.00,BONIFICO A VOSTRO FAVORE: MILANO & ROMA BUSINESS HOTELS S.R.L. - PAGAMENTO DOC. N. HTL-2025-0101 DEL 2025-01-15,47411.60,FATT-P-2025-0168
MOV-000012,2025-01-31,2025-01-31,-75.00,COMPETENZE E SPESE TENUTA CONTO CORRENTE E HOME BANKING PERIODO 01/2025,47336.60,
MOV-000013,2025-02-01,2025-02-01,-1220.00,BONIFICO A VOSTRO FAVORE: MEDIABRAND STUDIO S.R.L. - PAGAMENTO DOC. N. MDB-2025-001 DEL 2025-01-18,46116.60,FATT-P-2025-0110
MOV-000014,2025-02-02,2025-02-02,-756.40,BONIFICO A VOSTRO FAVORE: ECOLOMBARDA ENERGIA S.P.A. - PAGAMENTO DOC. N. ECOL-2025-001 DEL 2025-01-12,45360.20,FATT-P-2025-0062
MOV-000015,2025-02-05,2025-02-05,-549.00,BONIFICO A VOSTRO FAVORE: RISTORANTI & CATERING MILANO S.R.L. - PAGAMENTO DOC. N. RST-2025-0101 DEL 2025-01-16,44811.20,FATT-P-2025-0169
MOV-000016,2025-02-06,2025-02-06,-793.00,BONIFICO A VOSTRO FAVORE: TECHHARDWARE SOLUTIONS S.R.L. - PAGAMENTO DOC. N. FT-2025-0122 DEL 2025-01-18,44018.20,FATT-P-2025-0158
MOV-000017,2025-02-11,2025-02-11,-610.00,BONIFICO A VOSTRO FAVORE: PUNTO PULITO S.R.L. - PAGAMENTO DOC. N. PUNT-2025-001 DEL 2025-01-28,43408.20,FATT-P-2025-0098
MOV-000018,2025-02-12,2025-02-12,-488.00,BONIFICO A VOSTRO FAVORE: SICURASSICURA S.P.A. - PAGAMENTO DOC. N. SIC-2025-002 DEL 2025-02-01,42920.20,FATT-P-2025-0075
MOV-000019,2025-02-12,2025-02-12,-4270.00,BONIFICO A VOSTRO FAVORE: DOTT. MARCO RINALDI - PAGAMENTO DOC. N. PAR-RNL-2025-01 DEL 2025-01-31,38650.20,FATT-P-2025-0122
MOV-000020,2025-02-15,2025-02-15,-4270.00,BONIFICO A VOSTRO FAVORE: ING. SARA DE LUCA - PAGAMENTO DOC. N. PAR-DLC-2025-01 DEL 2025-01-31,34380.20,FATT-P-2025-0123
MOV-000021,2025-02-16,2025-02-16,-4880.00,BONIFICO A VOSTRO FAVORE: NIMBUS SOFTWARE S.R.L. - PAGAMENTO DOC. N. NMB-2025-002 DEL 2025-02-05,29500.20,FATT-P-2025-0002
MOV-000022,2025-02-16,2025-02-16,-38263.20,"DELEGA F24 TELEMATICA N. 0918232 - RITENUTE IRPEF, CONTRIBUTI INPS E SALDO IVA PERIODO 01/2025",-8763.00,
MOV-000023,2025-02-17,2025-02-17,-4636.00,BONIFICO A VOSTRO FAVORE: LOCAZIONI NAVIGLI S.R.L. - PAGAMENTO DOC. N. LOC-2025-002 DEL 2025-02-01,-13399.00,FATT-P-2025-0026
MOV-000024,2025-02-22,2025-02-22,-915.00,BONIFICO A VOSTRO FAVORE: FLEETLEASING ITALIA S.P.A. - PAGAMENTO DOC. N. FLT-2025-002 DEL 2025-02-05,-14314.00,FATT-P-2025-0087
MOV-000025,2025-02-22,2025-02-22,-3660.00,BONIFICO A VOSTRO FAVORE: DOTT. MATTEO RIVA - PAGAMENTO DOC. N. PAR-RIV-2025-01 DEL 2025-01-31,-17974.00,FATT-P-2025-0124
MOV-000026,2025-02-23,2025-02-23,-2537.60,BONIFICO A VOSTRO FAVORE: ALTOCUMULO CLOUD SERVICES S.R.L. - PAGAMENTO DOC. N. ALT-2025-002 DEL 2025-02-02,-20511.60,FATT-P-2025-0014
MOV-000027,2025-02-24,2025-02-24,-427.00,BONIFICO A VOSTRO FAVORE: FASTCONNECT TELECOM S.P.A. - PAGAMENTO DOC. N. FAST-2025-002 DEL 2025-02-08,-20938.60,FATT-P-2025-0051
MOV-000028,2025-02-25,2025-02-25,16104.00,BONIFICO DA: RETAILNEXT S.P.A. - SALDO FATTURA N. 2025/003 DEL 2025-01-31,-4834.60,FATT-A-2025-0003
MOV-000029,2025-02-26,2025-02-26,17324.00,BONIFICO DA: FINTECH SOLUTIONS ITALIA S.R.L. - SALDO FATTURA N. 2025/002 DEL 2025-01-31,12489.40,FATT-A-2025-0002
MOV-000030,2025-02-27,2025-02-27,-27500.00,DISPOSIZIONE BONIFICO SEPA CUMULATIVO: RETRIBUZIONI DIPENDENTI MESE 02/2025,-15010.60,
MOV-000031,2025-02-28,2025-02-28,9150.00,BONIFICO DA: AGROTECH BIO S.R.L. - SALDO FATTURA N. 2025/006 DEL 2025-01-31,-5860.60,FATT-A-2025-0006
MOV-000032,2025-02-28,2025-02-28,7564.00,BONIFICO DA: EDILSMART COSTRUZIONI S.P.A. - SALDO FATTURA N. 2025/007 DEL 2025-01-31,1703.40,FATT-A-2025-0007
MOV-000033,2025-02-28,2025-02-28,-75.00,COMPETENZE E SPESE TENUTA CONTO CORRENTE E HOME BANKING PERIODO 02/2025,1628.40,
MOV-000034,2025-03-01,2025-03-01,11224.00,BONIFICO DA: MANIFATTURA LOMBARDA S.R.L. - SALDO FATTURA N. 2025/005 DEL 2025-01-31,12852.40,FATT-A-2025-0005
MOV-000035,2025-03-02,2025-03-02,-1000.40,BONIFICO A VOSTRO FAVORE: TECHHARDWARE SOLUTIONS S.R.L. - PAGAMENTO DOC. N. FT-2025-0245 DEL 2025-02-14,11852.00,FATT-P-2025-0159
MOV-000036,2025-03-02,2025-03-02,-1037.00,BONIFICO A VOSTRO FAVORE: MILANO & ROMA BUSINESS HOTELS S.R.L. - PAGAMENTO DOC. N. HTL-2025-0201 DEL 2025-02-15,10815.00,FATT-P-2025-0171
MOV-000037,2025-03-03,2025-03-03,-780.80,BONIFICO A VOSTRO FAVORE: ECOLOMBARDA ENERGIA S.P.A. - PAGAMENTO DOC. N. ECOL-2025-002 DEL 2025-02-12,10034.20,FATT-P-2025-0063
MOV-000038,2025-03-05,2025-03-05,-549.00,BONIFICO A VOSTRO FAVORE: RISTORANTI & CATERING MILANO S.R.L. - PAGAMENTO DOC. N. RST-2025-0201 DEL 2025-02-16,9485.20,FATT-P-2025-0172
MOV-000039,2025-03-06,2025-03-06,-671.00,BONIFICO A VOSTRO FAVORE: FERROVIE NAZIONALI S.P.A. - PAGAMENTO DOC. N. TRN-2025-0201 DEL 2025-02-14,8814.20,FATT-P-2025-0170
MOV-000040,2025-03-07,2025-03-07,34160.00,BONIFICO DA: BARILLI LOGISTICA S.P.A. - SALDO FATTURA N. 2025/001 DEL 2025-01-31,42974.20,FATT-A-2025-0001
MOV-000041,2025-03-08,2025-03-08,13664.00,BONIFICO DA: MEDIHEALTH CARE S.R.L. - SALDO FATTURA N. 2025/004 DEL 2025-01-31,56638.20,FATT-A-2025-0004
MOV-000042,2025-03-08,2025-03-08,-1220.00,BONIFICO A VOSTRO FAVORE: MEDIABRAND STUDIO S.R.L. - PAGAMENTO DOC. N. MDB-2025-002 DEL 2025-02-18,55418.20,FATT-P-2025-0111
MOV-000043,2025-03-09,2025-03-09,-1098.00,BONIFICO A VOSTRO FAVORE: STUDIO DOTT. COMMERCIALISTI BRAMBILLA & CO. - PAGAMENTO DOC. N. BRAMB-2025-002 DEL 2025-02-15,54320.20,FATT-P-2025-0039
MOV-000044,2025-03-12,2025-03-12,-4270.00,BONIFICO A VOSTRO FAVORE: DOTT. MARCO RINALDI - PAGAMENTO DOC. N. PAR-RNL-2025-02 DEL 2025-02-28,50050.20,FATT-P-2025-0125
MOV-000045,2025-03-13,2025-03-13,-488.00,BONIFICO A VOSTRO FAVORE: SICURASSICURA S.P.A. - PAGAMENTO DOC. N. SIC-2025-003 DEL 2025-03-01,49562.20,FATT-P-2025-0076
MOV-000046,2025-03-15,2025-03-15,-4636.00,BONIFICO A VOSTRO FAVORE: LOCAZIONI NAVIGLI S.R.L. - PAGAMENTO DOC. N. LOC-2025-003 DEL 2025-03-01,44926.20,FATT-P-2025-0027
MOV-000047,2025-03-16,2025-03-16,-38340.20,"DELEGA F24 TELEMATICA N. 0918233 - RITENUTE IRPEF, CONTRIBUTI INPS E SALDO IVA PERIODO 02/2025",6586.00,
MOV-000048,2025-03-18,2025-03-18,-4270.00,BONIFICO A VOSTRO FAVORE: ING. SARA DE LUCA - PAGAMENTO DOC. N. PAR-DLC-2025-02 DEL 2025-02-28,2316.00,FATT-P-2025-0126
MOV-000049,2025-03-21,2025-03-21,-4880.00,BONIFICO A VOSTRO FAVORE: NIMBUS SOFTWARE S.R.L. - PAGAMENTO DOC. N. NMB-2025-003 DEL 2025-03-05,-2564.00,FATT-P-2025-0003
MOV-000050,2025-03-22,2025-03-22,-2671.80,BONIFICO A VOSTRO FAVORE: ALTOCUMULO CLOUD SERVICES S.R.L. - PAGAMENTO DOC. N. ALT-2025-003 DEL 2025-03-02,-5235.80,FATT-P-2025-0015
MOV-000051,2025-03-22,2025-03-22,-610.00,BONIFICO A VOSTRO FAVORE: PUNTO PULITO S.R.L. - PAGAMENTO DOC. N. PUNT-2025-002 DEL 2025-02-28,-5845.80,FATT-P-2025-0099
MOV-000052,2025-03-22,2025-03-22,-3660.00,BONIFICO A VOSTRO FAVORE: DOTT. MATTEO RIVA - PAGAMENTO DOC. N. PAR-RIV-2025-02 DEL 2025-02-28,-9505.80,FATT-P-2025-0127
MOV-000053,2025-03-23,2025-03-23,-915.00,BONIFICO A VOSTRO FAVORE: FLEETLEASING ITALIA S.P.A. - PAGAMENTO DOC. N. FLT-2025-003 DEL 2025-03-05,-10420.80,FATT-P-2025-0088
MOV-000054,2025-03-26,2025-03-26,16226.00,BONIFICO DA: RETAILNEXT S.P.A. - SALDO FATTURA N. 2025/010 DEL 2025-02-28,5805.20,FATT-A-2025-0010
MOV-000055,2025-03-26,2025-03-26,7564.00,BONIFICO DA: EDILSMART COSTRUZIONI S.P.A. - SALDO FATTURA N. 2025/014 DEL 2025-02-28,13369.20,FATT-A-2025-0014
MOV-000056,2025-03-27,2025-03-27,34160.00,BONIFICO DA: BARILLI LOGISTICA S.P.A. - SALDO FATTURA N. 2025/008 DEL 2025-02-28,47529.20,FATT-A-2025-0008
MOV-000057,2025-03-27,2025-03-27,-549.00,BONIFICO A VOSTRO FAVORE: RISTORANTI & CATERING MILANO S.R.L. - PAGAMENTO DOC. N. RST-2025-0301 DEL 2025-03-16,46980.20,FATT-P-2025-0175
MOV-000058,2025-03-27,2025-03-27,-27500.00,DISPOSIZIONE BONIFICO SEPA CUMULATIVO: RETRIBUZIONI DIPENDENTI MESE 03/2025,19480.20,
MOV-000059,2025-03-28,2025-03-28,-427.00,BONIFICO A VOSTRO FAVORE: FASTCONNECT TELECOM S.P.A. - PAGAMENTO DOC. N. FAST-2025-003 DEL 2025-03-08,19053.20,FATT-P-2025-0052
MOV-000060,2025-03-28,2025-03-28,-719.80,BONIFICO A VOSTRO FAVORE: ECOLOMBARDA ENERGIA S.P.A. - PAGAMENTO DOC. N. ECOL-2025-003 DEL 2025-03-12,18333.40,FATT-P-2025-0064
MOV-000061,2025-03-30,2025-03-30,-1098.00,BONIFICO A VOSTRO FAVORE: STUDIO DOTT. COMMERCIALISTI BRAMBILLA & CO. - PAGAMENTO DOC. N. BRAMB-2025-003 DEL 2025-03-15,17235.40,FATT-P-2025-0040
MOV-000062,2025-03-31,2025-03-31,-75.00,COMPETENZE E SPESE TENUTA CONTO CORRENTE E HOME BANKING PERIODO 03/2025,17160.40,
MOV-000063,2025-04-01,2025-04-01,-671.00,BONIFICO A VOSTRO FAVORE: FERROVIE NAZIONALI S.P.A. - PAGAMENTO DOC. N. TRN-2025-0301 DEL 2025-03-14,16489.40,FATT-P-2025-0173
MOV-000064,2025-04-01,2025-04-01,-1037.00,BONIFICO A VOSTRO FAVORE: MILANO & ROMA BUSINESS HOTELS S.R.L. - PAGAMENTO DOC. N. HTL-2025-0301 DEL 2025-03-15,15452.40,FATT-P-2025-0174
MOV-000065,2025-04-02,2025-04-02,9150.00,BONIFICO DA: AGROTECH BIO S.R.L. - SALDO FATTURA N. 2025/013 DEL 2025-02-28,24602.40,FATT-A-2025-0013
MOV-000066,2025-04-04,2025-04-04,13908.00,BONIFICO DA: MEDIHEALTH CARE S.R.L. - SALDO FATTURA N. 2025/011 DEL 2025-02-28,38510.40,FATT-A-2025-0011
MOV-000067,2025-04-05,2025-04-05,17446.00,BONIFICO DA: FINTECH SOLUTIONS ITALIA S.R.L. - SALDO FATTURA N. 2025/009 DEL 2025-02-28,55956.40,FATT-A-2025-0009
MOV-000068,2025-04-05,2025-04-05,11346.00,BONIFICO DA: MANIFATTURA LOMBARDA S.R.L. - SALDO FATTURA N. 2025/012 DEL 2025-02-28,67302.40,FATT-A-2025-0012
MOV-000069,2025-04-07,2025-04-07,-14640.00,BONIFICO A VOSTRO FAVORE: STUDIO LEGALE FERRARIS & ASSOCIATI - PAGAMENTO DOC. N. FERR-2025-042 DEL 2025-03-25,52662.40,FATT-P-2025-0037
MOV-000070,2025-04-09,2025-04-09,-1220.00,BONIFICO A VOSTRO FAVORE: MEDIABRAND STUDIO S.R.L. - PAGAMENTO DOC. N. MDB-2025-003 DEL 2025-03-18,51442.40,FATT-P-2025-0112
MOV-000071,2025-04-10,2025-04-10,-4270.00,BONIFICO A VOSTRO FAVORE: ING. SARA DE LUCA - PAGAMENTO DOC. N. PAR-DLC-2025-03 DEL 2025-03-31,47172.40,FATT-P-2025-0129
MOV-000072,2025-04-16,2025-04-16,-36967.40,"DELEGA F24 TELEMATICA N. 0918234 - RITENUTE IRPEF, CONTRIBUTI INPS E SALDO IVA PERIODO 03/2025",10205.00,
MOV-000073,2025-04-17,2025-04-17,-610.00,BONIFICO A VOSTRO FAVORE: PUNTO PULITO S.R.L. - PAGAMENTO DOC. N. PUNT-2025-003 DEL 2025-03-28,9595.00,FATT-P-2025-0100
MOV-000074,2025-04-18,2025-04-18,-4270.00,BONIFICO A VOSTRO FAVORE: DOTT. MARCO RINALDI - PAGAMENTO DOC. N. PAR-RNL-2025-03 DEL 2025-03-31,5325.00,FATT-P-2025-0128
MOV-000075,2025-04-19,2025-04-19,-4880.00,BONIFICO A VOSTRO FAVORE: NIMBUS SOFTWARE S.R.L. - PAGAMENTO DOC. N. NMB-2025-004 DEL 2025-04-05,445.00,FATT-P-2025-0004
MOV-000076,2025-04-19,2025-04-19,-915.00,BONIFICO A VOSTRO FAVORE: FLEETLEASING ITALIA S.P.A. - PAGAMENTO DOC. N. FLT-2025-004 DEL 2025-04-05,-470.00,FATT-P-2025-0089
MOV-000077,2025-04-19,2025-04-19,-3660.00,BONIFICO A VOSTRO FAVORE: DOTT. MATTEO RIVA - PAGAMENTO DOC. N. PAR-RIV-2025-03 DEL 2025-03-31,-4130.00,FATT-P-2025-0130
MOV-000078,2025-04-21,2025-04-21,-4636.00,BONIFICO A VOSTRO FAVORE: LOCAZIONI NAVIGLI S.R.L. - PAGAMENTO DOC. N. LOC-2025-004 DEL 2025-04-01,-8766.00,FATT-P-2025-0028
MOV-000079,2025-04-21,2025-04-21,-488.00,BONIFICO A VOSTRO FAVORE: SICURASSICURA S.P.A. - PAGAMENTO DOC. N. SIC-2025-004 DEL 2025-04-01,-9254.00,FATT-P-2025-0077
MOV-000080,2025-04-22,2025-04-22,-2610.80,BONIFICO A VOSTRO FAVORE: ALTOCUMULO CLOUD SERVICES S.R.L. - PAGAMENTO DOC. N. ALT-2025-004 DEL 2025-04-02,-11864.80,FATT-P-2025-0016
MOV-000081,2025-04-25,2025-04-25,17324.00,BONIFICO DA: RETAILNEXT S.P.A. - SALDO FATTURA N. 2025/017 DEL 2025-03-31,5459.20,FATT-A-2025-0017
MOV-000082,2025-04-25,2025-04-25,14640.00,BONIFICO DA: MEDIHEALTH CARE S.R.L. - SALDO FATTURA N. 2025/018 DEL 2025-03-31,20099.20,FATT-A-2025-0018
MOV-000083,2025-04-25,2025-04-25,-427.00,BONIFICO A VOSTRO FAVORE: FASTCONNECT TELECOM S.P.A. - PAGAMENTO DOC. N. FAST-2025-004 DEL 2025-04-08,19672.20,FATT-P-2025-0053
MOV-000084,2025-04-26,2025-04-26,12200.00,BONIFICO DA: MANIFATTURA LOMBARDA S.R.L. - SALDO FATTURA N. 2025/019 DEL 2025-03-31,31872.20,FATT-A-2025-0019
MOV-000085,2025-04-27,2025-04-27,-671.00,BONIFICO A VOSTRO FAVORE: FERROVIE NAZIONALI S.P.A. - PAGAMENTO DOC. N. TRN-2025-0401 DEL 2025-04-14,31201.20,FATT-P-2025-0176
MOV-000086,2025-04-27,2025-04-27,-549.00,BONIFICO A VOSTRO FAVORE: RISTORANTI & CATERING MILANO S.R.L. - PAGAMENTO DOC. N. RST-2025-0401 DEL 2025-04-16,30652.20,FATT-P-2025-0178
MOV-000087,2025-04-27,2025-04-27,-27500.00,DISPOSIZIONE BONIFICO SEPA CUMULATIVO: RETRIBUZIONI DIPENDENTI MESE 04/2025,3152.20,
MOV-000088,2025-04-28,2025-04-28,10370.00,BONIFICO DA: AGROTECH BIO S.R.L. - SALDO FATTURA N. 2025/020 DEL 2025-03-31,13522.20,FATT-A-2025-0020
MOV-000089,2025-04-28,2025-04-28,8296.00,BONIFICO DA: EDILSMART COSTRUZIONI S.P.A. - SALDO FATTURA N. 2025/021 DEL 2025-03-31,21818.20,FATT-A-2025-0021
MOV-000090,2025-04-28,2025-04-28,-1037.00,BONIFICO A VOSTRO FAVORE: MILANO & ROMA BUSINESS HOTELS S.R.L. - PAGAMENTO DOC. N. HTL-2025-0401 DEL 2025-04-15,20781.20,FATT-P-2025-0177
MOV-000091,2025-04-29,2025-04-29,-1342.00,BONIFICO A VOSTRO FAVORE: TECHHARDWARE SOLUTIONS S.R.L. - PAGAMENTO DOC. N. FT-2025-0498 DEL 2025-04-16,19439.20,FATT-P-2025-0160
MOV-000092,2025-04-30,2025-04-30,-1220.00,BONIFICO A VOSTRO FAVORE: MEDIABRAND STUDIO S.R.L. - PAGAMENTO DOC. N. MDB-2025-004 DEL 2025-04-18,18219.20,FATT-P-2025-0113
MOV-000093,2025-04-30,2025-04-30,-75.00,COMPETENZE E SPESE TENUTA CONTO CORRENTE E HOME BANKING PERIODO 04/2025,18144.20,
MOV-000094,2025-05-01,2025-05-01,18300.00,BONIFICO DA: FINTECH SOLUTIONS ITALIA S.R.L. - SALDO FATTURA N. 2025/016 DEL 2025-03-31,36444.20,FATT-A-2025-0016
MOV-000095,2025-05-01,2025-05-01,-1098.00,BONIFICO A VOSTRO FAVORE: STUDIO DOTT. COMMERCIALISTI BRAMBILLA & CO. - PAGAMENTO DOC. N. BRAMB-2025-004 DEL 2025-04-15,35346.20,FATT-P-2025-0041
MOV-000096,2025-05-01,2025-05-01,-646.60,BONIFICO A VOSTRO FAVORE: ECOLOMBARDA ENERGIA S.P.A. - PAGAMENTO DOC. N. ECOL-2025-004 DEL 2025-04-12,34699.60,FATT-P-2025-0065
MOV-000097,2025-05-04,2025-05-04,34770.00,BONIFICO DA: BARILLI LOGISTICA S.P.A. - SALDO FATTURA N. 2025/015 DEL 2025-03-31,69469.60,FATT-A-2025-0015
MOV-000098,2025-05-10,2025-05-10,-3660.00,BONIFICO A VOSTRO FAVORE: DOTT. MATTEO RIVA - PAGAMENTO DOC. N. PAR-RIV-2025-04 DEL 2025-04-30,65809.60,FATT-P-2025-0133
MOV-000099,2025-05-13,2025-05-13,-2696.20,BONIFICO A VOSTRO FAVORE: ALTOCUMULO CLOUD SERVICES S.R.L. - PAGAMENTO DOC. N. ALT-2025-005 DEL 2025-05-02,63113.40,FATT-P-2025-0017
MOV-000100,2025-05-13,2025-05-13,-488.00,BONIFICO A VOSTRO FAVORE: SICURASSICURA S.P.A. - PAGAMENTO DOC. N. SIC-2025-005 DEL 2025-05-01,62625.40,FATT-P-2025-0078
MOV-000101,2025-05-13,2025-05-13,-610.00,BONIFICO A VOSTRO FAVORE: PUNTO PULITO S.R.L. - PAGAMENTO DOC. N. PUNT-2025-004 DEL 2025-04-28,62015.40,FATT-P-2025-0101
MOV-000102,2025-05-15,2025-05-15,-4270.00,BONIFICO A VOSTRO FAVORE: DOTT. MARCO RINALDI - PAGAMENTO DOC. N. PAR-RNL-2025-04 DEL 2025-04-30,57745.40,FATT-P-2025-0131
MOV-000103,2025-05-16,2025-05-16,-39631.60,"DELEGA F24 TELEMATICA N. 0918235 - RITENUTE IRPEF, CONTRIBUTI INPS E SALDO IVA PERIODO 04/2025",18113.80,
MOV-000104,2025-05-17,2025-05-17,-4270.00,BONIFICO A VOSTRO FAVORE: ING. SARA DE LUCA - PAGAMENTO DOC. N. PAR-DLC-2025-04 DEL 2025-04-30,13843.80,FATT-P-2025-0132
MOV-000105,2025-05-20,2025-05-20,-427.00,BONIFICO A VOSTRO FAVORE: FASTCONNECT TELECOM S.P.A. - PAGAMENTO DOC. N. FAST-2025-005 DEL 2025-05-08,13416.80,FATT-P-2025-0054
MOV-000106,2025-05-22,2025-05-22,-4880.00,BONIFICO A VOSTRO FAVORE: NIMBUS SOFTWARE S.R.L. - PAGAMENTO DOC. N. NMB-2025-005 DEL 2025-05-05,8536.80,FATT-P-2025-0005
MOV-000107,2025-05-22,2025-05-22,-4636.00,BONIFICO A VOSTRO FAVORE: LOCAZIONI NAVIGLI S.R.L. - PAGAMENTO DOC. N. LOC-2025-005 DEL 2025-05-01,3900.80,FATT-P-2025-0029
MOV-000108,2025-05-23,2025-05-23,-915.00,BONIFICO A VOSTRO FAVORE: FLEETLEASING ITALIA S.P.A. - PAGAMENTO DOC. N. FLT-2025-005 DEL 2025-05-05,2985.80,FATT-P-2025-0090
MOV-000109,2025-05-25,2025-05-25,17690.00,BONIFICO DA: RETAILNEXT S.P.A. - SALDO FATTURA N. 2025/024 DEL 2025-04-30,20675.80,FATT-A-2025-0024
MOV-000110,2025-05-25,2025-05-25,-1037.00,BONIFICO A VOSTRO FAVORE: MILANO & ROMA BUSINESS HOTELS S.R.L. - PAGAMENTO DOC. N. HTL-2025-0501 DEL 2025-05-15,19638.80,FATT-P-2025-0180
MOV-000111,2025-05-27,2025-05-27,-27500.00,DISPOSIZIONE BONIFICO SEPA CUMULATIVO: RETRIBUZIONI DIPENDENTI MESE 05/2025,-7861.20,
MOV-000112,2025-05-28,2025-05-28,12444.00,BONIFICO DA: MANIFATTURA LOMBARDA S.R.L. - SALDO FATTURA N. 2025/026 DEL 2025-04-30,4582.80,FATT-A-2025-0026
MOV-000113,2025-05-28,2025-05-28,-622.20,BONIFICO A VOSTRO FAVORE: ECOLOMBARDA ENERGIA S.P.A. - PAGAMENTO DOC. N. ECOL-2025-005 DEL 2025-05-12,3960.60,FATT-P-2025-0066
MOV-000114,2025-05-29,2025-05-29,-1098.00,BONIFICO A VOSTRO FAVORE: STUDIO DOTT. COMMERCIALISTI BRAMBILLA & CO. - PAGAMENTO DOC. N. BRAMB-2025-005 DEL 2025-05-15,2862.60,FATT-P-2025-0042
MOV-000115,2025-05-29,2025-05-29,-671.00,BONIFICO A VOSTRO FAVORE: FERROVIE NAZIONALI S.P.A. - PAGAMENTO DOC. N. TRN-2025-0501 DEL 2025-05-14,2191.60,FATT-P-2025-0179
MOV-000116,2025-05-31,2025-05-31,-75.00,COMPETENZE E SPESE TENUTA CONTO CORRENTE E HOME BANKING PERIODO 05/2025,2116.60,
MOV-000117,2025-06-02,2025-06-02,34770.00,BONIFICO DA: BARILLI LOGISTICA S.P.A. - SALDO FATTURA N. 2025/022 DEL 2025-04-30,36886.60,FATT-A-2025-0022
MOV-000118,2025-06-02,2025-06-02,14884.00,BONIFICO DA: MEDIHEALTH CARE S.R.L. - SALDO FATTURA N. 2025/025 DEL 2025-04-30,51770.60,FATT-A-2025-0025
MOV-000119,2025-06-03,2025-06-03,18544.00,BONIFICO DA: FINTECH SOLUTIONS ITALIA S.R.L. - SALDO FATTURA N. 2025/023 DEL 2025-04-30,70314.60,FATT-A-2025-0023
MOV-000120,2025-06-04,2025-06-04,8540.00,BONIFICO DA: EDILSMART COSTRUZIONI S.P.A. - SALDO FATTURA N. 2025/028 DEL 2025-04-30,78854.60,FATT-A-2025-0028
MOV-000121,2025-06-04,2025-06-04,-549.00,BONIFICO A VOSTRO FAVORE: RISTORANTI & CATERING MILANO S.R.L. - PAGAMENTO DOC. N. RST-2025-0501 DEL 2025-05-16,78305.60,FATT-P-2025-0181
MOV-000122,2025-06-05,2025-06-05,10370.00,BONIFICO DA: AGROTECH BIO S.R.L. - SALDO FATTURA N. 2025/027 DEL 2025-04-30,88675.60,FATT-A-2025-0027
MOV-000123,2025-06-05,2025-06-05,-1220.00,BONIFICO A VOSTRO FAVORE: MEDIABRAND STUDIO S.R.L. - PAGAMENTO DOC. N. MDB-2025-005 DEL 2025-05-18,87455.60,FATT-P-2025-0114
MOV-000124,2025-06-08,2025-06-08,-610.00,BONIFICO A VOSTRO FAVORE: PUNTO PULITO S.R.L. - PAGAMENTO DOC. N. PUNT-2025-005 DEL 2025-05-28,86845.60,FATT-P-2025-0102
MOV-000125,2025-06-09,2025-06-09,-549.00,BONIFICO A VOSTRO FAVORE: TECHHARDWARE SOLUTIONS S.R.L. - PAGAMENTO DOC. N. FT-2025-0610 DEL 2025-05-22,86296.60,FATT-P-2025-0161
MOV-000126,2025-06-11,2025-06-11,-4270.00,BONIFICO A VOSTRO FAVORE: DOTT. MARCO RINALDI - PAGAMENTO DOC. N. PAR-RNL-2025-05 DEL 2025-05-31,82026.60,FATT-P-2025-0134
MOV-000127,2025-06-15,2025-06-15,-915.00,BONIFICO A VOSTRO FAVORE: FLEETLEASING ITALIA S.P.A. - PAGAMENTO DOC. N. FLT-2025-006 DEL 2025-06-05,81111.60,FATT-P-2025-0091
MOV-000128,2025-06-15,2025-06-15,-4270.00,BONIFICO A VOSTRO FAVORE: ING. SARA DE LUCA - PAGAMENTO DOC. N. PAR-DLC-2025-05 DEL 2025-05-31,76841.60,FATT-P-2025-0135
MOV-000129,2025-06-16,2025-06-16,-39521.60,"DELEGA F24 TELEMATICA N. 0918236 - RITENUTE IRPEF, CONTRIBUTI INPS E SALDO IVA PERIODO 05/2025",37320.00,
MOV-000130,2025-06-19,2025-06-19,-4636.00,BONIFICO A VOSTRO FAVORE: LOCAZIONI NAVIGLI S.R.L. - PAGAMENTO DOC. N. LOC-2025-006 DEL 2025-06-01,32684.00,FATT-P-2025-0030
MOV-000131,2025-06-21,2025-06-21,-2745.00,BONIFICO A VOSTRO FAVORE: ALTOCUMULO CLOUD SERVICES S.R.L. - PAGAMENTO DOC. N. ALT-2025-006 DEL 2025-06-02,29939.00,FATT-P-2025-0018
MOV-000132,2025-06-22,2025-06-22,-427.00,BONIFICO A VOSTRO FAVORE: FASTCONNECT TELECOM S.P.A. - PAGAMENTO DOC. N. FAST-2025-006 DEL 2025-06-08,29512.00,FATT-P-2025-0055
MOV-000133,2025-06-22,2025-06-22,-3660.00,BONIFICO A VOSTRO FAVORE: DOTT. MATTEO RIVA - PAGAMENTO DOC. N. PAR-RIV-2025-05 DEL 2025-05-31,25852.00,FATT-P-2025-0136
MOV-000134,2025-06-23,2025-06-23,-488.00,BONIFICO A VOSTRO FAVORE: SICURASSICURA S.P.A. - PAGAMENTO DOC. N. SIC-2025-006 DEL 2025-06-01,25364.00,FATT-P-2025-0079
MOV-000135,2025-06-25,2025-06-25,-4880.00,BONIFICO A VOSTRO FAVORE: NIMBUS SOFTWARE S.R.L. - PAGAMENTO DOC. N. NMB-2025-006 DEL 2025-06-05,20484.00,FATT-P-2025-0006
MOV-000136,2025-06-26,2025-06-26,-1098.00,BONIFICO A VOSTRO FAVORE: STUDIO DOTT. COMMERCIALISTI BRAMBILLA & CO. - PAGAMENTO DOC. N. BRAMB-2025-006 DEL 2025-06-15,19386.00,FATT-P-2025-0043
MOV-000137,2025-06-27,2025-06-27,-695.40,BONIFICO A VOSTRO FAVORE: ECOLOMBARDA ENERGIA S.P.A. - PAGAMENTO DOC. N. ECOL-2025-006 DEL 2025-06-12,18690.60,FATT-P-2025-0067
MOV-000138,2025-06-27,2025-06-27,-27500.00,DISPOSIZIONE BONIFICO SEPA CUMULATIVO: RETRIBUZIONI DIPENDENTI MESE 06/2025,-8809.40,
MOV-000139,2025-06-28,2025-06-28,14640.00,BONIFICO DA: MEDIHEALTH CARE S.R.L. - SALDO FATTURA N. 2025/032 DEL 2025-05-31,5830.60,FATT-A-2025-0032
MOV-000140,2025-06-28,2025-06-28,-1037.00,BONIFICO A VOSTRO FAVORE: MILANO & ROMA BUSINESS HOTELS S.R.L. - PAGAMENTO DOC. N. HTL-2025-0601 DEL 2025-06-15,4793.60,FATT-P-2025-0183
MOV-000141,2025-06-29,2025-06-29,8540.00,BONIFICO DA: EDILSMART COSTRUZIONI S.P.A. - SALDO FATTURA N. 2025/035 DEL 2025-05-31,13333.60,FATT-A-2025-0035
MOV-000142,2025-06-29,2025-06-29,-1220.00,BONIFICO A VOSTRO FAVORE: MEDIABRAND STUDIO S.R.L. - PAGAMENTO DOC. N. MDB-2025-006 DEL 2025-06-18,12113.60,FATT-P-2025-0115
MOV-000143,2025-06-30,2025-06-30,-75.00,COMPETENZE E SPESE TENUTA CONTO CORRENTE E HOME BANKING PERIODO 06/2025,12038.60,
MOV-000144,2025-07-01,2025-07-01,17446.00,BONIFICO DA: RETAILNEXT S.P.A. - SALDO FATTURA N. 2025/031 DEL 2025-05-31,29484.60,FATT-A-2025-0031
MOV-000145,2025-07-02,2025-07-02,12444.00,BONIFICO DA: MANIFATTURA LOMBARDA S.R.L. - SALDO FATTURA N. 2025/033 DEL 2025-05-31,41928.60,FATT-A-2025-0033
MOV-000146,2025-07-02,2025-07-02,-671.00,BONIFICO A VOSTRO FAVORE: FERROVIE NAZIONALI S.P.A. - PAGAMENTO DOC. N. TRN-2025-0601 DEL 2025-06-14,41257.60,FATT-P-2025-0182
MOV-000147,2025-07-03,2025-07-03,18300.00,BONIFICO DA: FINTECH SOLUTIONS ITALIA S.R.L. - SALDO FATTURA N. 2025/030 DEL 2025-05-31,59557.60,FATT-A-2025-0030
MOV-000148,2025-07-04,2025-07-04,10370.00,BONIFICO DA: AGROTECH BIO S.R.L. - SALDO FATTURA N. 2025/034 DEL 2025-05-31,69927.60,FATT-A-2025-0034
MOV-000149,2025-07-05,2025-07-05,-549.00,BONIFICO A VOSTRO FAVORE: RISTORANTI & CATERING MILANO S.R.L. - PAGAMENTO DOC. N. RST-2025-0601 DEL 2025-06-16,69378.60,FATT-P-2025-0184
MOV-000150,2025-07-06,2025-07-06,34160.00,BONIFICO DA: BARILLI LOGISTICA S.P.A. - SALDO FATTURA N. 2025/029 DEL 2025-05-31,103538.60,FATT-A-2025-0029
MOV-000151,2025-07-10,2025-07-10,-3660.00,BONIFICO A VOSTRO FAVORE: DOTT. MATTEO RIVA - PAGAMENTO DOC. N. PAR-RIV-2025-06 DEL 2025-06-30,99878.60,FATT-P-2025-0139
MOV-000152,2025-07-12,2025-07-12,-610.00,BONIFICO A VOSTRO FAVORE: PUNTO PULITO S.R.L. - PAGAMENTO DOC. N. PUNT-2025-006 DEL 2025-06-28,99268.60,FATT-P-2025-0103
MOV-000153,2025-07-13,2025-07-13,-4270.00,BONIFICO A VOSTRO FAVORE: ING. SARA DE LUCA - PAGAMENTO DOC. N. PAR-DLC-2025-06 DEL 2025-06-30,94998.60,FATT-P-2025-0138
MOV-000154,2025-07-14,2025-07-14,-4636.00,BONIFICO A VOSTRO FAVORE: LOCAZIONI NAVIGLI S.R.L. - PAGAMENTO DOC. N. LOC-2025-007 DEL 2025-07-01,90362.60,FATT-P-2025-0031
MOV-000155,2025-07-14,2025-07-14,-4270.00,BONIFICO A VOSTRO FAVORE: DOTT. MARCO RINALDI - PAGAMENTO DOC. N. PAR-RNL-2025-06 DEL 2025-06-30,86092.60,FATT-P-2025-0137
MOV-000156,2025-07-16,2025-07-16,-40038.60,"DELEGA F24 TELEMATICA N. 0918237 - RITENUTE IRPEF, CONTRIBUTI INPS E SALDO IVA PERIODO 06/2025",46054.00,
MOV-000157,2025-07-20,2025-07-20,-4880.00,BONIFICO A VOSTRO FAVORE: NIMBUS SOFTWARE S.R.L. - PAGAMENTO DOC. N. NMB-2025-007 DEL 2025-07-05,41174.00,FATT-P-2025-0007
MOV-000158,2025-07-20,2025-07-20,-427.00,BONIFICO A VOSTRO FAVORE: FASTCONNECT TELECOM S.P.A. - PAGAMENTO DOC. N. FAST-2025-007 DEL 2025-07-08,40747.00,FATT-P-2025-0056
MOV-000159,2025-07-21,2025-07-21,-488.00,BONIFICO A VOSTRO FAVORE: SICURASSICURA S.P.A. - PAGAMENTO DOC. N. SIC-2025-007 DEL 2025-07-01,40259.00,FATT-P-2025-0080
MOV-000160,2025-07-22,2025-07-22,-2659.60,BONIFICO A VOSTRO FAVORE: ALTOCUMULO CLOUD SERVICES S.R.L. - PAGAMENTO DOC. N. ALT-2025-007 DEL 2025-07-02,37599.40,FATT-P-2025-0019
MOV-000161,2025-07-25,2025-07-25,18056.00,BONIFICO DA: RETAILNEXT S.P.A. - SALDO FATTURA N. 2025/038 DEL 2025-06-30,55655.40,FATT-A-2025-0038
MOV-000162,2025-07-25,2025-07-25,-829.60,BONIFICO A VOSTRO FAVORE: ECOLOMBARDA ENERGIA S.P.A. - PAGAMENTO DOC. N. ECOL-2025-007 DEL 2025-07-12,54825.80,FATT-P-2025-0068
MOV-000163,2025-07-25,2025-07-25,-915.00,BONIFICO A VOSTRO FAVORE: FLEETLEASING ITALIA S.P.A. - PAGAMENTO DOC. N. FLT-2025-007 DEL 2025-07-05,53910.80,FATT-P-2025-0092
MOV-000164,2025-07-25,2025-07-25,-1037.00,BONIFICO A VOSTRO FAVORE: MILANO & ROMA BUSINESS HOTELS S.R.L. - PAGAMENTO DOC. N. HTL-2025-0701 DEL 2025-07-15,52873.80,FATT-P-2025-0186
MOV-000165,2025-07-27,2025-07-27,10736.00,BONIFICO DA: AGROTECH BIO S.R.L. - SALDO FATTURA N. 2025/041 DEL 2025-06-30,63609.80,FATT-A-2025-0041
MOV-000166,2025-07-27,2025-07-27,-671.00,BONIFICO A VOSTRO FAVORE: FERROVIE NAZIONALI S.P.A. - PAGAMENTO DOC. N. TRN-2025-0701 DEL 2025-07-14,62938.80,FATT-P-2025-0185
MOV-000167,2025-07-27,2025-07-27,-549.00,BONIFICO A VOSTRO FAVORE: RISTORANTI & CATERING MILANO S.R.L. - PAGAMENTO DOC. N. RST-2025-0701 DEL 2025-07-16,62389.80,FATT-P-2025-0187
MOV-000168,2025-07-27,2025-07-27,-27500.00,DISPOSIZIONE BONIFICO SEPA CUMULATIVO: RETRIBUZIONI DIPENDENTI MESE 07/2025,34889.80,
MOV-000169,2025-07-28,2025-07-28,-1098.00,BONIFICO A VOSTRO FAVORE: STUDIO DOTT. COMMERCIALISTI BRAMBILLA & CO. - PAGAMENTO DOC. N. BRAMB-2025-007 DEL 2025-07-15,33791.80,FATT-P-2025-0044
MOV-000170,2025-07-31,2025-07-31,-75.00,COMPETENZE E SPESE TENUTA CONTO CORRENTE E HOME BANKING PERIODO 07/2025,33716.80,
MOV-000171,2025-08-05,2025-08-05,8540.00,BONIFICO DA: EDILSMART COSTRUZIONI S.P.A. - SALDO FATTURA N. 2025/042 DEL 2025-06-30,42256.80,FATT-A-2025-0042
MOV-000172,2025-08-06,2025-08-06,34770.00,BONIFICO DA: BARILLI LOGISTICA S.P.A. - SALDO FATTURA N. 2025/036 DEL 2025-06-30,77026.80,FATT-A-2025-0036
MOV-000173,2025-08-06,2025-08-06,15128.00,BONIFICO DA: MEDIHEALTH CARE S.R.L. - SALDO FATTURA N. 2025/039 DEL 2025-06-30,92154.80,FATT-A-2025-0039
MOV-000174,2025-08-06,2025-08-06,12444.00,BONIFICO DA: MANIFATTURA LOMBARDA S.R.L. - SALDO FATTURA N. 2025/040 DEL 2025-06-30,104598.80,FATT-A-2025-0040
MOV-000175,2025-08-06,2025-08-06,-951.60,BONIFICO A VOSTRO FAVORE: TECHHARDWARE SOLUTIONS S.R.L. - PAGAMENTO DOC. N. FT-2025-0812 DEL 2025-07-15,103647.20,FATT-P-2025-0162
MOV-000176,2025-08-07,2025-08-07,18666.00,BONIFICO DA: FINTECH SOLUTIONS ITALIA S.R.L. - SALDO FATTURA N. 2025/037 DEL 2025-06-30,122313.20,FATT-A-2025-0037
MOV-000177,2025-08-07,2025-08-07,-1220.00,BONIFICO A VOSTRO FAVORE: MEDIABRAND STUDIO S.R.L. - PAGAMENTO DOC. N. MDB-2025-007 DEL 2025-07-18,121093.20,FATT-P-2025-0116
MOV-000178,2025-08-11,2025-08-11,-3660.00,BONIFICO A VOSTRO FAVORE: DOTT. MATTEO RIVA - PAGAMENTO DOC. N. PAR-RIV-2025-07 DEL 2025-07-31,117433.20,FATT-P-2025-0142
MOV-000179,2025-08-13,2025-08-13,-610.00,BONIFICO A VOSTRO FAVORE: PUNTO PULITO S.R.L. - PAGAMENTO DOC. N. PUNT-2025-007 DEL 2025-07-28,116823.20,FATT-P-2025-0104
MOV-000180,2025-08-13,2025-08-13,-4270.00,BONIFICO A VOSTRO FAVORE: DOTT. MARCO RINALDI - PAGAMENTO DOC. N. PAR-RNL-2025-07 DEL 2025-07-31,112553.20,FATT-P-2025-0140
MOV-000181,2025-08-14,2025-08-14,-2501.00,BONIFICO A VOSTRO FAVORE: ALTOCUMULO CLOUD SERVICES S.R.L. - PAGAMENTO DOC. N. ALT-2025-008 DEL 2025-08-02,110052.20,FATT-P-2025-0020
MOV-000182,2025-08-16,2025-08-16,-40034.20,"DELEGA F24 TELEMATICA N. 0918238 - RITENUTE IRPEF, CONTRIBUTI INPS E SALDO IVA PERIODO 07/2025",70018.00,
MOV-000183,2025-08-17,2025-08-17,-6539.20,BONIFICO A VOSTRO FAVORE: NIMBUS SOFTWARE S.R.L. - PAGAMENTO DOC. N. NMB-2025-008 DEL 2025-08-05,63478.80,FATT-P-2025-0008
MOV-000184,2025-08-17,2025-08-17,-488.00,BONIFICO A VOSTRO FAVORE: SICURASSICURA S.P.A. - PAGAMENTO DOC. N. SIC-2025-008 DEL 2025-08-01,62990.80,FATT-P-2025-0081
MOV-000185,2025-08-19,2025-08-19,-4270.00,BONIFICO A VOSTRO FAVORE: ING. SARA DE LUCA - PAGAMENTO DOC. N. PAR-DLC-2025-07 DEL 2025-07-31,58720.80,FATT-P-2025-0141
MOV-000186,2025-08-21,2025-08-21,-4636.00,BONIFICO A VOSTRO FAVORE: LOCAZIONI NAVIGLI S.R.L. - PAGAMENTO DOC. N. LOC-2025-008 DEL 2025-08-01,54084.80,FATT-P-2025-0032
MOV-000187,2025-08-21,2025-08-21,-427.00,BONIFICO A VOSTRO FAVORE: FASTCONNECT TELECOM S.P.A. - PAGAMENTO DOC. N. FAST-2025-008 DEL 2025-08-08,53657.80,FATT-P-2025-0057
MOV-000188,2025-08-24,2025-08-24,-744.20,BONIFICO A VOSTRO FAVORE: ECOLOMBARDA ENERGIA S.P.A. - PAGAMENTO DOC. N. ECOL-2025-008 DEL 2025-08-12,52913.60,FATT-P-2025-0069
MOV-000189,2025-08-26,2025-08-26,-915.00,BONIFICO A VOSTRO FAVORE: FLEETLEASING ITALIA S.P.A. - PAGAMENTO DOC. N. FLT-2025-008 DEL 2025-08-05,51998.60,FATT-P-2025-0093
MOV-000190,2025-08-26,2025-08-26,-549.00,BONIFICO A VOSTRO FAVORE: RISTORANTI & CATERING MILANO S.R.L. - PAGAMENTO DOC. N. RST-2025-0801 DEL 2025-08-16,51449.60,FATT-P-2025-0190
MOV-000191,2025-08-27,2025-08-27,15250.00,BONIFICO DA: MEDIHEALTH CARE S.R.L. - SALDO FATTURA N. 2025/046 DEL 2025-07-31,66699.60,FATT-A-2025-0046
MOV-000192,2025-08-27,2025-08-27,-27500.00,DISPOSIZIONE BONIFICO SEPA CUMULATIVO: RETRIBUZIONI DIPENDENTI MESE 08/2025,39199.60,
MOV-000193,2025-08-28,2025-08-28,12810.00,BONIFICO DA: MANIFATTURA LOMBARDA S.R.L. - SALDO FATTURA N. 2025/047 DEL 2025-07-31,52009.60,FATT-A-2025-0047
MOV-000194,2025-08-29,2025-08-29,18300.00,BONIFICO DA: RETAILNEXT S.P.A. - SALDO FATTURA N. 2025/045 DEL 2025-07-31,70309.60,FATT-A-2025-0045
MOV-000195,2025-08-30,2025-08-30,18910.00,BONIFICO DA: FINTECH SOLUTIONS ITALIA S.R.L. - SALDO FATTURA N. 2025/044 DEL 2025-07-31,89219.60,FATT-A-2025-0044
MOV-000196,2025-08-30,2025-08-30,8540.00,BONIFICO DA: EDILSMART COSTRUZIONI S.P.A. - SALDO FATTURA N. 2025/049 DEL 2025-07-31,97759.60,FATT-A-2025-0049
MOV-000197,2025-08-31,2025-08-31,34770.00,BONIFICO DA: BARILLI LOGISTICA S.P.A. - SALDO FATTURA N. 2025/043 DEL 2025-07-31,132529.60,FATT-A-2025-0043
MOV-000198,2025-08-31,2025-08-31,-75.00,COMPETENZE E SPESE TENUTA CONTO CORRENTE E HOME BANKING PERIODO 08/2025,132454.60,
MOV-000199,2025-09-01,2025-09-01,-1220.00,BONIFICO A VOSTRO FAVORE: MEDIABRAND STUDIO S.R.L. - PAGAMENTO DOC. N. MDB-2025-008 DEL 2025-08-18,131234.60,FATT-P-2025-0117
MOV-000200,2025-09-03,2025-09-03,-1098.00,BONIFICO A VOSTRO FAVORE: STUDIO DOTT. COMMERCIALISTI BRAMBILLA & CO. - PAGAMENTO DOC. N. BRAMB-2025-008 DEL 2025-08-15,130136.60,FATT-P-2025-0045
MOV-000201,2025-09-04,2025-09-04,-671.00,BONIFICO A VOSTRO FAVORE: FERROVIE NAZIONALI S.P.A. - PAGAMENTO DOC. N. TRN-2025-0801 DEL 2025-08-14,129465.60,FATT-P-2025-0188
MOV-000202,2025-09-04,2025-09-04,-1037.00,BONIFICO A VOSTRO FAVORE: MILANO & ROMA BUSINESS HOTELS S.R.L. - PAGAMENTO DOC. N. HTL-2025-0801 DEL 2025-08-15,128428.60,FATT-P-2025-0189
MOV-000203,2025-09-06,2025-09-06,10736.00,BONIFICO DA: AGROTECH BIO S.R.L. - SALDO FATTURA N. 2025/048 DEL 2025-07-31,139164.60,FATT-A-2025-0048
MOV-000204,2025-09-09,2025-09-09,-610.00,BONIFICO A VOSTRO FAVORE: PUNTO PULITO S.R.L. - PAGAMENTO DOC. N. PUNT-2025-008 DEL 2025-08-28,138554.60,FATT-P-2025-0105
MOV-000205,2025-09-11,2025-09-11,-4270.00,BONIFICO A VOSTRO FAVORE: DOTT. MARCO RINALDI - PAGAMENTO DOC. N. PAR-RNL-2025-08 DEL 2025-08-31,134284.60,FATT-P-2025-0143
MOV-000206,2025-09-16,2025-09-16,-4636.00,BONIFICO A VOSTRO FAVORE: LOCAZIONI NAVIGLI S.R.L. - PAGAMENTO DOC. N. LOC-2025-009 DEL 2025-09-01,129648.60,FATT-P-2025-0033
MOV-000207,2025-09-16,2025-09-16,-915.00,BONIFICO A VOSTRO FAVORE: FLEETLEASING ITALIA S.P.A. - PAGAMENTO DOC. N. FLT-2025-009 DEL 2025-09-05,128733.60,FATT-P-2025-0094
MOV-000208,2025-09-16,2025-09-16,-36034.60,"DELEGA F24 TELEMATICA N. 0918239 - RITENUTE IRPEF, CONTRIBUTI INPS E SALDO IVA PERIODO 08/2025",92699.00,
MOV-000209,2025-09-17,2025-09-17,-3660.00,BONIFICO A VOSTRO FAVORE: DOTT. MATTEO RIVA - PAGAMENTO DOC. N. PAR-RIV-2025-08 DEL 2025-08-31,89039.00,FATT-P-2025-0145
MOV-000210,2025-09-20,2025-09-20,-6539.20,BONIFICO A VOSTRO FAVORE: NIMBUS SOFTWARE S.R.L. - PAGAMENTO DOC. N. NMB-2025-009 DEL 2025-09-05,82499.80,FATT-P-2025-0009
MOV-000211,2025-09-20,2025-09-20,-2635.20,BONIFICO A VOSTRO FAVORE: ALTOCUMULO CLOUD SERVICES S.R.L. - PAGAMENTO DOC. N. ALT-2025-009 DEL 2025-09-02,79864.60,FATT-P-2025-0021
MOV-000212,2025-09-20,2025-09-20,-488.00,BONIFICO A VOSTRO FAVORE: SICURASSICURA S.P.A. - PAGAMENTO DOC. N. SIC-2025-009 DEL 2025-09-01,79376.60,FATT-P-2025-0082
MOV-000213,2025-09-21,2025-09-21,-4270.00,BONIFICO A VOSTRO FAVORE: ING. SARA DE LUCA - PAGAMENTO DOC. N. PAR-DLC-2025-08 DEL 2025-08-31,75106.60,FATT-P-2025-0144
MOV-000214,2025-09-26,2025-09-26,26840.00,BONIFICO DA: BARILLI LOGISTICA S.P.A. - SALDO FATTURA N. 2025/050 DEL 2025-08-31,101946.60,FATT-A-2025-0050
MOV-000215,2025-09-26,2025-09-26,15860.00,BONIFICO DA: FINTECH SOLUTIONS ITALIA S.R.L. - SALDO FATTURA N. 2025/051 DEL 2025-08-31,117806.60,FATT-A-2025-0051
MOV-000216,2025-09-26,2025-09-26,12810.00,BONIFICO DA: MEDIHEALTH CARE S.R.L. - SALDO FATTURA N. 2025/053 DEL 2025-08-31,130616.60,FATT-A-2025-0053
MOV-000217,2025-09-26,2025-09-26,-1037.00,BONIFICO A VOSTRO FAVORE: MILANO & ROMA BUSINESS HOTELS S.R.L. - PAGAMENTO DOC. N. HTL-2025-0901 DEL 2025-09-15,129579.60,FATT-P-2025-0192
MOV-000218,2025-09-26,2025-09-26,-549.00,BONIFICO A VOSTRO FAVORE: RISTORANTI & CATERING MILANO S.R.L. - PAGAMENTO DOC. N. RST-2025-0901 DEL 2025-09-16,129030.60,FATT-P-2025-0193
MOV-000219,2025-09-27,2025-09-27,-671.00,BONIFICO A VOSTRO FAVORE: FERROVIE NAZIONALI S.P.A. - PAGAMENTO DOC. N. TRN-2025-0901 DEL 2025-09-14,128359.60,FATT-P-2025-0191
MOV-000220,2025-09-27,2025-09-27,-27500.00,DISPOSIZIONE BONIFICO SEPA CUMULATIVO: RETRIBUZIONI DIPENDENTI MESE 09/2025,100859.60,
MOV-000221,2025-09-29,2025-09-29,-427.00,BONIFICO A VOSTRO FAVORE: FASTCONNECT TELECOM S.P.A. - PAGAMENTO DOC. N. FAST-2025-009 DEL 2025-09-08,100432.60,FATT-P-2025-0058
MOV-000222,2025-09-30,2025-09-30,10980.00,BONIFICO DA: MANIFATTURA LOMBARDA S.R.L. - SALDO FATTURA N. 2025/054 DEL 2025-08-31,111412.60,FATT-A-2025-0054
MOV-000223,2025-09-30,2025-09-30,7076.00,BONIFICO DA: EDILSMART COSTRUZIONI S.P.A. - SALDO FATTURA N. 2025/056 DEL 2025-08-31,118488.60,FATT-A-2025-0056
MOV-000224,2025-09-30,2025-09-30,-658.80,BONIFICO A VOSTRO FAVORE: ECOLOMBARDA ENERGIA S.P.A. - PAGAMENTO DOC. N. ECOL-2025-009 DEL 2025-09-12,117829.80,FATT-P-2025-0070
MOV-000225,2025-09-30,2025-09-30,-75.00,COMPETENZE E SPESE TENUTA CONTO CORRENTE E HOME BANKING PERIODO 09/2025,117754.80,
MOV-000226,2025-10-01,2025-10-01,15250.00,BONIFICO DA: RETAILNEXT S.P.A. - SALDO FATTURA N. 2025/052 DEL 2025-08-31,133004.80,FATT-A-2025-0052
MOV-000227,2025-10-06,2025-10-06,-1098.00,BONIFICO A VOSTRO FAVORE: STUDIO DOTT. COMMERCIALISTI BRAMBILLA & CO. - PAGAMENTO DOC. N. BRAMB-2025-009 DEL 2025-09-15,131906.80,FATT-P-2025-0046
MOV-000228,2025-10-08,2025-10-08,8784.00,BONIFICO DA: AGROTECH BIO S.R.L. - SALDO FATTURA N. 2025/055 DEL 2025-08-31,140690.80,FATT-A-2025-0055
MOV-000229,2025-10-08,2025-10-08,-1220.00,BONIFICO A VOSTRO FAVORE: MEDIABRAND STUDIO S.R.L. - PAGAMENTO DOC. N. MDB-2025-009 DEL 2025-09-18,139470.80,FATT-P-2025-0118
MOV-000230,2025-10-10,2025-10-10,-1159.00,BONIFICO A VOSTRO FAVORE: TECHHARDWARE SOLUTIONS S.R.L. - PAGAMENTO DOC. N. FT-2025-0988 DEL 2025-09-19,138311.80,FATT-P-2025-0163
MOV-000231,2025-10-11,2025-10-11,-4270.00,BONIFICO A VOSTRO FAVORE: DOTT. MARCO RINALDI - PAGAMENTO DOC. N. PAR-RNL-2025-09 DEL 2025-09-30,134041.80,FATT-P-2025-0146
MOV-000232,2025-10-12,2025-10-12,-488.00,BONIFICO A VOSTRO FAVORE: SICURASSICURA S.P.A. - PAGAMENTO DOC. N. SIC-2025-010 DEL 2025-10-01,133553.80,FATT-P-2025-0083
MOV-000233,2025-10-15,2025-10-15,-610.00,BONIFICO A VOSTRO FAVORE: PUNTO PULITO S.R.L. - PAGAMENTO DOC. N. PUNT-2025-009 DEL 2025-09-28,132943.80,FATT-P-2025-0106
MOV-000234,2025-10-16,2025-10-16,-38566.80,"DELEGA F24 TELEMATICA N. 0918240 - RITENUTE IRPEF, CONTRIBUTI INPS E SALDO IVA PERIODO 09/2025",94377.00,
MOV-000235,2025-10-18,2025-10-18,-3660.00,BONIFICO A VOSTRO FAVORE: DOTT. MATTEO RIVA - PAGAMENTO DOC. N. PAR-RIV-2025-09 DEL 2025-09-30,90717.00,FATT-P-2025-0148
MOV-000236,2025-10-20,2025-10-20,-6539.20,BONIFICO A VOSTRO FAVORE: NIMBUS SOFTWARE S.R.L. - PAGAMENTO DOC. N. NMB-2025-010 DEL 2025-10-05,84177.80,FATT-P-2025-0010
MOV-000237,2025-10-22,2025-10-22,-4270.00,BONIFICO A VOSTRO FAVORE: ING. SARA DE LUCA - PAGAMENTO DOC. N. PAR-DLC-2025-09 DEL 2025-09-30,79907.80,FATT-P-2025-0147
MOV-000238,2025-10-23,2025-10-23,-2684.00,BONIFICO A VOSTRO FAVORE: ALTOCUMULO CLOUD SERVICES S.R.L. - PAGAMENTO DOC. N. ALT-2025-010 DEL 2025-10-02,77223.80,FATT-P-2025-0022
MOV-000239,2025-10-23,2025-10-23,-4819.00,BONIFICO A VOSTRO FAVORE: LOCAZIONI NAVIGLI S.R.L. - PAGAMENTO DOC. N. LOC-2025-010 DEL 2025-10-01,72404.80,FATT-P-2025-0034
MOV-000240,2025-10-24,2025-10-24,-2257.00,BONIFICO A VOSTRO FAVORE: TECHHARDWARE SOLUTIONS S.R.L. - PAGAMENTO DOC. N. FT-2025-1089 DEL 2025-10-14,70147.80,FATT-P-2025-0165
MOV-000241,2025-10-25,2025-10-25,14396.00,BONIFICO DA: MEDIHEALTH CARE S.R.L. - SALDO FATTURA N. 2025/060 DEL 2025-09-30,84543.80,FATT-A-2025-0060
MOV-000242,2025-10-25,2025-10-25,-915.00,BONIFICO A VOSTRO FAVORE: FLEETLEASING ITALIA S.P.A. - PAGAMENTO DOC. N. FLT-2025-010 DEL 2025-10-05,83628.80,FATT-P-2025-0095
MOV-000243,2025-10-26,2025-10-26,-427.00,BONIFICO A VOSTRO FAVORE: FASTCONNECT TELECOM S.P.A. - PAGAMENTO DOC. N. FAST-2025-010 DEL 2025-10-08,83201.80,FATT-P-2025-0059
MOV-000244,2025-10-26,2025-10-26,-1037.00,BONIFICO A VOSTRO FAVORE: MILANO & ROMA BUSINESS HOTELS S.R.L. - PAGAMENTO DOC. N. HTL-2025-1001 DEL 2025-10-15,82164.80,FATT-P-2025-0195
MOV-000245,2025-10-27,2025-10-27,-27500.00,DISPOSIZIONE BONIFICO SEPA CUMULATIVO: RETRIBUZIONI DIPENDENTI MESE 10/2025,54664.80,
MOV-000246,2025-10-29,2025-10-29,17690.00,BONIFICO DA: FINTECH SOLUTIONS ITALIA S.R.L. - SALDO FATTURA N. 2025/058 DEL 2025-09-30,72354.80,FATT-A-2025-0058
MOV-000247,2025-10-29,2025-10-29,-634.40,BONIFICO A VOSTRO FAVORE: ECOLOMBARDA ENERGIA S.P.A. - PAGAMENTO DOC. N. ECOL-2025-010 DEL 2025-10-12,71720.40,FATT-P-2025-0071
MOV-000248,2025-10-29,2025-10-29,-2257.00,BONIFICO A VOSTRO FAVORE: TECHHARDWARE SOLUTIONS S.R.L. - PAGAMENTO DOC. N. FT-2025-1089 DEL 2025-10-18,69463.40,FATT-P-2025-0166
MOV-000249,2025-10-29,2025-10-29,-671.00,BONIFICO A VOSTRO FAVORE: FERROVIE NAZIONALI S.P.A. - PAGAMENTO DOC. N. TRN-2025-1001 DEL 2025-10-14,68792.40,FATT-P-2025-0194
MOV-000250,2025-10-30,2025-10-30,-1098.00,BONIFICO A VOSTRO FAVORE: STUDIO DOTT. COMMERCIALISTI BRAMBILLA & CO. - PAGAMENTO DOC. N. BRAMB-2025-010 DEL 2025-10-15,67694.40,FATT-P-2025-0047
MOV-000251,2025-10-31,2025-10-31,-75.00,COMPETENZE E SPESE TENUTA CONTO CORRENTE E HOME BANKING PERIODO 10/2025,67619.40,
MOV-000252,2025-11-01,2025-11-01,9760.00,BONIFICO DA: AGROTECH BIO S.R.L. - SALDO FATTURA N. 2025/062 DEL 2025-09-30,77379.40,FATT-A-2025-0062
MOV-000253,2025-11-02,2025-11-02,8052.00,BONIFICO DA: EDILSMART COSTRUZIONI S.P.A. - SALDO FATTURA N. 2025/063 DEL 2025-09-30,85431.40,FATT-A-2025-0063
MOV-000254,2025-11-03,2025-11-03,34160.00,BONIFICO DA: BARILLI LOGISTICA S.P.A. - SALDO FATTURA N. 2025/057 DEL 2025-09-30,119591.40,FATT-A-2025-0057
MOV-000255,2025-11-03,2025-11-03,-549.00,BONIFICO A VOSTRO FAVORE: RISTORANTI & CATERING MILANO S.R.L. - PAGAMENTO DOC. N. RST-2025-1001 DEL 2025-10-16,119042.40,FATT-P-2025-0196
MOV-000256,2025-11-05,2025-11-05,11956.00,BONIFICO DA: MANIFATTURA LOMBARDA S.R.L. - SALDO FATTURA N. 2025/061 DEL 2025-09-30,130998.40,FATT-A-2025-0061
MOV-000257,2025-11-05,2025-11-05,-1220.00,BONIFICO A VOSTRO FAVORE: MEDIABRAND STUDIO S.R.L. - PAGAMENTO DOC. N. MDB-2025-010 DEL 2025-10-18,129778.40,FATT-P-2025-0119
MOV-000258,2025-11-06,2025-11-06,16836.00,BONIFICO DA: RETAILNEXT S.P.A. - SALDO FATTURA N. 2025/059 DEL 2025-09-30,146614.40,FATT-A-2025-0059
MOV-000259,2025-11-07,2025-11-07,-610.00,BONIFICO A VOSTRO FAVORE: PUNTO PULITO S.R.L. - PAGAMENTO DOC. N. PUNT-2025-010 DEL 2025-10-28,146004.40,FATT-P-2025-0107
MOV-000260,2025-11-12,2025-11-12,-4270.00,BONIFICO A VOSTRO FAVORE: ING. SARA DE LUCA - PAGAMENTO DOC. N. PAR-DLC-2025-10 DEL 2025-10-31,141734.40,FATT-P-2025-0150
MOV-000261,2025-11-12,2025-11-12,-3660.00,BONIFICO A VOSTRO FAVORE: DOTT. MATTEO RIVA - PAGAMENTO DOC. N. PAR-RIV-2025-10 DEL 2025-10-31,138074.40,FATT-P-2025-0151
MOV-000262,2025-11-15,2025-11-15,-2732.80,BONIFICO A VOSTRO FAVORE: ALTOCUMULO CLOUD SERVICES S.R.L. - PAGAMENTO DOC. N. ALT-2025-011 DEL 2025-11-02,135341.60,FATT-P-2025-0023
MOV-000263,2025-11-16,2025-11-16,-34140.40,"DELEGA F24 TELEMATICA N. 0918241 - RITENUTE IRPEF, CONTRIBUTI INPS E SALDO IVA PERIODO 10/2025",101201.20,
MOV-000264,2025-11-17,2025-11-17,-488.00,BONIFICO A VOSTRO FAVORE: SICURASSICURA S.P.A. - PAGAMENTO DOC. N. SIC-2025-011 DEL 2025-11-01,100713.20,FATT-P-2025-0084
MOV-000265,2025-11-17,2025-11-17,-512.40,BONIFICO A VOSTRO FAVORE: FERROVIE NAZIONALI S.P.A. - PAGAMENTO DOC. N. TRN-2025-1101 DEL 2025-11-04,100200.80,FATT-P-2025-0197
MOV-000266,2025-11-18,2025-11-18,-6539.20,BONIFICO A VOSTRO FAVORE: NIMBUS SOFTWARE S.R.L. - PAGAMENTO DOC. N. NMB-2025-011 DEL 2025-11-05,93661.60,FATT-P-2025-0011
MOV-000267,2025-11-18,2025-11-18,-793.00,BONIFICO A VOSTRO FAVORE: MILANO & ROMA BUSINESS HOTELS S.R.L. - PAGAMENTO DOC. N. HTL-2025-1101 DEL 2025-11-05,92868.60,FATT-P-2025-0201
MOV-000268,2025-11-22,2025-11-22,-4270.00,BONIFICO A VOSTRO FAVORE: DOTT. MARCO RINALDI - PAGAMENTO DOC. N. PAR-RNL-2025-10 DEL 2025-10-31,88598.60,FATT-P-2025-0149
MOV-000269,2025-11-23,2025-11-23,-4819.00,BONIFICO A VOSTRO FAVORE: LOCAZIONI NAVIGLI S.R.L. - PAGAMENTO DOC. N. LOC-2025-011 DEL 2025-11-01,83779.60,FATT-P-2025-0035
MOV-000270,2025-11-23,2025-11-23,-707.60,BONIFICO A VOSTRO FAVORE: ECOLOMBARDA ENERGIA S.P.A. - PAGAMENTO DOC. N. ECOL-2025-011 DEL 2025-11-12,83072.00,FATT-P-2025-0072
MOV-000271,2025-11-23,2025-11-23,-915.00,BONIFICO A VOSTRO FAVORE: FLEETLEASING ITALIA S.P.A. - PAGAMENTO DOC. N. FLT-2025-011 DEL 2025-11-05,82157.00,FATT-P-2025-0096
MOV-000272,2025-11-25,2025-11-25,-561.20,BONIFICO A VOSTRO FAVORE: FERROVIE NAZIONALI S.P.A. - PAGAMENTO DOC. N. TRN-2025-1102 DEL 2025-11-11,81595.80,FATT-P-2025-0198
MOV-000273,2025-11-25,2025-11-25,-658.80,BONIFICO A VOSTRO FAVORE: RISTORANTI & CATERING MILANO S.R.L. - PAGAMENTO DOC. N. RST-2025-1101 DEL 2025-11-06,80937.00,FATT-P-2025-0206
MOV-000274,2025-11-26,2025-11-26,14640.00,BONIFICO DA: BARILLI LOGISTICA S.P.A. - SALDO FATTURA N. 2025/064 DEL 2025-10-31,95577.00,FATT-A-2025-0064
MOV-000275,2025-11-26,2025-11-26,16470.00,BONIFICO DA: RETAILNEXT S.P.A. - SALDO FATTURA N. 2025/066 DEL 2025-10-31,112047.00,FATT-A-2025-0066
MOV-000276,2025-11-26,2025-11-26,-427.00,BONIFICO A VOSTRO FAVORE: FASTCONNECT TELECOM S.P.A. - PAGAMENTO DOC. N. FAST-2025-011 DEL 2025-11-08,111620.00,FATT-P-2025-0060
MOV-000277,2025-11-27,2025-11-27,-27500.00,DISPOSIZIONE BONIFICO SEPA CUMULATIVO: RETRIBUZIONI DIPENDENTI MESE 11/2025,84120.00,
MOV-000278,2025-11-28,2025-11-28,-1098.00,BONIFICO A VOSTRO FAVORE: STUDIO DOTT. COMMERCIALISTI BRAMBILLA & CO. - PAGAMENTO DOC. N. BRAMB-2025-011 DEL 2025-11-15,83022.00,FATT-P-2025-0048
MOV-000279,2025-11-29,2025-11-29,11590.00,BONIFICO DA: MANIFATTURA LOMBARDA S.R.L. - SALDO FATTURA N. 2025/068 DEL 2025-10-31,94612.00,FATT-A-2025-0068
MOV-000280,2025-11-30,2025-11-30,-756.40,BONIFICO A VOSTRO FAVORE: MILANO & ROMA BUSINESS HOTELS S.R.L. - PAGAMENTO DOC. N. HTL-2025-1102 DEL 2025-11-12,93855.60,FATT-P-2025-0202
MOV-000281,2025-11-30,2025-11-30,-683.20,BONIFICO A VOSTRO FAVORE: RISTORANTI & CATERING MILANO S.R.L. - PAGAMENTO DOC. N. RST-2025-1102 DEL 2025-11-13,93172.40,FATT-P-2025-0207
MOV-000282,2025-11-30,2025-11-30,-75.00,COMPETENZE E SPESE TENUTA CONTO CORRENTE E HOME BANKING PERIODO 11/2025,93097.40,
MOV-000283,2025-12-01,2025-12-01,17690.00,BONIFICO DA: FINTECH SOLUTIONS ITALIA S.R.L. - SALDO FATTURA N. 2025/065 DEL 2025-10-31,110787.40,FATT-A-2025-0065
MOV-000284,2025-12-01,2025-12-01,-829.60,BONIFICO A VOSTRO FAVORE: MILANO & ROMA BUSINESS HOTELS S.R.L. - PAGAMENTO DOC. N. HTL-2025-1103 DEL 2025-11-19,109957.80,FATT-P-2025-0203
MOV-000285,2025-12-03,2025-12-03,14030.00,BONIFICO DA: MEDIHEALTH CARE S.R.L. - SALDO FATTURA N. 2025/067 DEL 2025-10-31,123987.80,FATT-A-2025-0067
MOV-000286,2025-12-03,2025-12-03,-671.00,BONIFICO A VOSTRO FAVORE: RISTORANTI & CATERING MILANO S.R.L. - PAGAMENTO DOC. N. RST-2025-1103 DEL 2025-11-20,123316.80,FATT-P-2025-0208
MOV-000287,2025-12-05,2025-12-05,7930.00,BONIFICO DA: EDILSMART COSTRUZIONI S.P.A. - SALDO FATTURA N. 2025/070 DEL 2025-10-31,131246.80,FATT-A-2025-0070
MOV-000288,2025-12-07,2025-12-07,-1220.00,BONIFICO A VOSTRO FAVORE: MEDIABRAND STUDIO S.R.L. - PAGAMENTO DOC. N. MDB-2025-011 DEL 2025-11-18,130026.80,FATT-P-2025-0120
MOV-000289,2025-12-08,2025-12-08,9516.00,BONIFICO DA: AGROTECH BIO S.R.L. - SALDO FATTURA N. 2025/069 DEL 2025-10-31,139542.80,FATT-A-2025-0069
MOV-000290,2025-12-08,2025-12-08,-524.60,BONIFICO A VOSTRO FAVORE: FERROVIE NAZIONALI S.P.A. - PAGAMENTO DOC. N. TRN-2025-1103 DEL 2025-11-18,139018.20,FATT-P-2025-0199
MOV-000291,2025-12-11,2025-12-11,-4819.00,BONIFICO A VOSTRO FAVORE: LOCAZIONI NAVIGLI S.R.L. - PAGAMENTO DOC. N. LOC-2025-012 DEL 2025-12-01,134199.20,FATT-P-2025-0036
MOV-000292,2025-12-12,2025-12-12,-536.80,BONIFICO A VOSTRO FAVORE: FERROVIE NAZIONALI S.P.A. - PAGAMENTO DOC. N. TRN-2025-1104 DEL 2025-11-25,133662.40,FATT-P-2025-0200
MOV-000293,2025-12-14,2025-12-14,-2623.00,BONIFICO A VOSTRO FAVORE: ALTOCUMULO CLOUD SERVICES S.R.L. - PAGAMENTO DOC. N. ALT-2025-012 DEL 2025-12-02,131039.40,FATT-P-2025-0024
MOV-000294,2025-12-15,2025-12-15,-707.60,BONIFICO A VOSTRO FAVORE: MILANO & ROMA BUSINESS HOTELS S.R.L. - PAGAMENTO DOC. N. HTL-2025-1104 DEL 2025-11-24,130331.80,FATT-P-2025-0204
MOV-000295,2025-12-15,2025-12-15,-695.40,BONIFICO A VOSTRO FAVORE: MILANO & ROMA BUSINESS HOTELS S.R.L. - PAGAMENTO DOC. N. HTL-2025-1105 DEL 2025-11-26,129636.40,FATT-P-2025-0205
MOV-000296,2025-12-16,2025-12-16,-33623.40,"DELEGA F24 TELEMATICA N. 0918242 - RITENUTE IRPEF, CONTRIBUTI INPS E SALDO IVA PERIODO 11/2025",96013.00,
MOV-000297,2025-12-17,2025-12-17,-488.00,BONIFICO A VOSTRO FAVORE: SICURASSICURA S.P.A. - PAGAMENTO DOC. N. SIC-2025-012 DEL 2025-12-01,95525.00,FATT-P-2025-0085
MOV-000298,2025-12-17,2025-12-17,-4270.00,BONIFICO A VOSTRO FAVORE: ING. SARA DE LUCA - PAGAMENTO DOC. N. PAR-DLC-2025-11 DEL 2025-11-30,91255.00,FATT-P-2025-0153
MOV-000299,2025-12-18,2025-12-18,-3660.00,BONIFICO A VOSTRO FAVORE: DOTT. MATTEO RIVA - PAGAMENTO DOC. N. PAR-RIV-2025-11 DEL 2025-11-30,87595.00,FATT-P-2025-0154
MOV-000300,2025-12-19,2025-12-19,-610.00,BONIFICO A VOSTRO FAVORE: PUNTO PULITO S.R.L. - PAGAMENTO DOC. N. PUNT-2025-011 DEL 2025-11-28,86985.00,FATT-P-2025-0108
MOV-000301,2025-12-20,2025-12-20,-4270.00,BONIFICO A VOSTRO FAVORE: DOTT. MARCO RINALDI - PAGAMENTO DOC. N. PAR-RNL-2025-11 DEL 2025-11-30,82715.00,FATT-P-2025-0152
MOV-000302,2025-12-22,2025-12-22,-427.00,BONIFICO A VOSTRO FAVORE: FASTCONNECT TELECOM S.P.A. - PAGAMENTO DOC. N. FAST-2025-012 DEL 2025-12-08,82288.00,FATT-P-2025-0061
MOV-000303,2025-12-25,2025-12-25,-6539.20,BONIFICO A VOSTRO FAVORE: NIMBUS SOFTWARE S.R.L. - PAGAMENTO DOC. N. NMB-2025-012 DEL 2025-12-05,75748.80,FATT-P-2025-0012
MOV-000304,2025-12-26,2025-12-26,7930.00,BONIFICO DA: EDILSMART COSTRUZIONI S.P.A. - SALDO FATTURA N. 2025/077 DEL 2025-11-30,83678.80,FATT-A-2025-0077
MOV-000305,2025-12-27,2025-12-27,-915.00,BONIFICO A VOSTRO FAVORE: FLEETLEASING ITALIA S.P.A. - PAGAMENTO DOC. N. FLT-2025-012 DEL 2025-12-05,82763.80,FATT-P-2025-0097
MOV-000306,2025-12-27,2025-12-27,-27500.00,DISPOSIZIONE BONIFICO SEPA CUMULATIVO: RETRIBUZIONI DIPENDENTI MESE 12/2025,55263.80,
MOV-000307,2025-12-28,2025-12-28,11590.00,BONIFICO DA: MANIFATTURA LOMBARDA S.R.L. - SALDO FATTURA N. 2025/075 DEL 2025-11-30,66853.80,FATT-A-2025-0075
MOV-000308,2025-12-30,2025-12-30,16104.00,BONIFICO DA: RETAILNEXT S.P.A. - SALDO FATTURA N. 2025/073 DEL 2025-11-30,82957.80,FATT-A-2025-0073
MOV-000309,2025-12-31,2025-12-31,-1220.00,BONIFICO A VOSTRO FAVORE: MEDIABRAND STUDIO S.R.L. - PAGAMENTO DOC. N. MDB-2025-012 DEL 2025-12-18,81737.80,FATT-P-2025-0121
MOV-000310,2025-12-31,2025-12-31,-634.40,BONIFICO A VOSTRO FAVORE: TECHHARDWARE SOLUTIONS S.R.L. - PAGAMENTO DOC. N. FT-2025-1280 DEL 2025-12-10,81103.40,FATT-P-2025-0164
MOV-000311,2025-12-31,2025-12-31,-75.00,COMPETENZE E SPESE TENUTA CONTO CORRENTE E HOME BANKING PERIODO 12/2025,81028.40,
